"","osm_id","name","admin_level","alt_name","alt_name.ar","attribution","border_type","boundary","county.abbrev","county.ansi","county.name","maxweight.hgv","name.ar","name.az","name.bar","name.be.tarask","name.bg","name.bpy","name.ca","name.ceb","name.cs","name.da","name.de","name.el","name.en","name.eo","name.es","name.et","name.eu","name.fa","name.fi","name.fr","name.ga","name.gl","name.he","name.hi","name.hu","name.hy","name.id","name.it","name.ja","name.ko","name.la","name.li","name.lt","name.lv","name.ml","name.nan","name.nds","name.nl","name.no","name.nv","name.oc","name.pam","name.pl","name.pnb","name.pt","name.ro","name.ru","name.sh","name.sq","name.sr","name.sv","name.tl","name.tr","name.uk","name.ur","name.uz","name.vi","name.war","name.yue","name.zh","name.zh.Hans","name.zh.Hans.CN","name.zh.Hant","name.zh.Hant.CN","name.zh.Hant.HK","name.zh.Hant.TW","nist.fips_code","nist.state_fips","official_name","old_attribution","population","population.date","source","source.population","type","website","wikidata","wikipedia","geom"
"1","1544955","Palo Alto","8",NA,NA,NA,"city","administrative",NA,NA,NA,NA,"بالو ألتو",NA,NA,NA,"Пало Алто",NA,NA,NA,NA,NA,NA,"Πάλο Άλτο","Palo Alto","Palo Alto","Palo Alto",NA,NA,"پالو آلتو",NA,NA,NA,NA,"פאלו אלטו","पालो आल्टो",NA,NA,NA,NA,"パロアルト","팰로앨토",NA,NA,NA,"Paloalto",NA,NA,NA,NA,NA,"Tsin Łichíʼínééz",NA,NA,NA,NA,NA,NA,"Пало-Альто",NA,NA,"Пало Алто",NA,NA,NA,"Пало-Альто","مئیفیلڈ","Palo-Alto",NA,NA,NA,"帕羅奧圖","帕罗奥图",NA,"帕羅奧圖",NA,NA,NA,NA,NA,NA,NA,"64403","2010",NA,NA,"boundary","https://www.cityofpaloalto.org/","Q47265","en:Palo Alto, California",list(list(c(-122.1014797, -122.1008891, -122.1008275, -122.1007639, -122.100709, -122.1006631, -122.100634, -122.1004169, -122.1003649, -122.1003399, -122.1003387, -122.1004482, -122.1004073, -122.1003661, -122.1003618, -122.1003544, -122.1003444, -122.1003319, -122.1003091, -122.1003007, -122.1002891, -122.1002819, -122.1002653, -122.1002139, -122.1001693, -122.1001356, -122.100113, -122.0999228, -122.0999547, -122.1002628, -122.099802, -122.0995094, -122.0991502, -122.0992383, -122.0989934, -122.0981784, 
-122.0978406, -122.0978024, -122.0974603, -122.0970598, -122.0966757, -122.0961613, -122.0956139, -122.0946558, -122.0937863, -122.0934276, -122.0933485, -122.0935765, -122.0941706, -122.0946899, -122.0949955, -122.0954143, -122.0954832, -122.095309, -122.0950856, -122.0946625, -122.0942936, -122.093235, -122.092457, -122.0918706, -122.0914546, -122.0913119, -122.0913996, -122.0919465, -122.0928986, -122.0927028, -122.0894702, -122.0893884, -122.0868075, -122.071097, -122.0817623, -122.0965624, -122.0965353, 
-122.1146569, -122.1147201, -122.1148613, -122.1151276, -122.1155845, -122.1160345, -122.1164133, -122.1168022, -122.1171922, -122.1175666, -122.1177823, -122.1179841, -122.1181696, -122.1186727, -122.1191852, -122.1200024, -122.1208454, -122.1217587, -122.1226822, -122.1234653, -122.1235739, -122.1236657, -122.1237381, -122.1238292, -122.1238576, -122.1238768, -122.1238864, -122.1238862, -122.1238762, -122.1238218, -122.1236544, -122.1234735, -122.1233346, -122.1232257, -122.1231473, -122.1230897, 
-122.1230023, -122.122886, -122.1228127, -122.1227739, -122.1227644, -122.1227796, -122.1228676, -122.122884, -122.1228622, -122.1227962, -122.1227397, -122.122659, -122.1225558, -122.1222801, -122.1221515, -122.1220479, -122.1219704, -122.121842, -122.1218196, -122.1218031, -122.1217925, -122.1217442, -122.1217492, -122.1217739, -122.1218181, -122.1219093, -122.1219416, -122.1219867, -122.1220433, -122.1222757, -122.1223498, -122.1224329, -122.1225233, -122.1226191, -122.1229795, -122.1233272, -122.1236585, 
-122.1238513, -122.1240555, -122.1242678, -122.1243181, -122.1243684, -122.1244175, -122.1244645, -122.1245233, -122.1245397, -122.1245569, -122.1245745, -122.1246262, -122.1246602, -122.1246932, -122.124793, -122.1249229, -122.1249765, -122.1250253, -122.1251092, -122.125156, -122.1253067, -122.125399, -122.1254827, -122.1258725, -122.1259053, -122.125942, -122.1259817, -122.1260233, -122.1260747, -122.1264165, -122.1265984, -122.1267824, -122.126963, -122.1271347, -122.1272922, -122.1274309, -122.1275464, 
-122.1276354, -122.1276728, -122.1279306, -122.127952, -122.1279609, -122.1279685, -122.1279703, -122.1279638, -122.1279276, -122.1279274, -122.1279337, -122.1279465, -122.1279653, -122.1279898, -122.1280193, -122.1281489, -122.1281992, -122.128255, -122.1283148, -122.128377, -122.1284398, -122.1285016, -122.1285606, -122.1287993, -122.1290116, -122.1290803, -122.1291361, -122.1291777, -122.1292954, -122.1294418, -122.1294751, -122.1295146, -122.1295595, -122.1296836, -122.1297517, -122.1299229, 
-122.1300493, -122.1301453, -122.130248, -122.1303551, -122.1306956, -122.1309252, -122.131161, -122.1313989, -122.1314538, -122.1315064, -122.131555, -122.1315982, -122.1316349, -122.1316637, -122.1317455, -122.1318286, -122.1319318, -122.1320533, -122.1320962, -122.1321439, -122.1321953, -122.1322874, -122.132381, -122.1326756, -122.1329702, -122.133002, -122.1330327, -122.1330612, -122.1330869, -122.1332314, -122.1333678, -122.1334003, -122.1334358, -122.1334734, -122.1335124, -122.1336441, -122.1337755, 
-122.1341453, -122.1342733, -122.1343983, -122.13463, -122.1348655, -122.1351596, -122.1354454, -122.1355301, -122.135618, -122.1357077, -122.1357974, -122.1360251, -122.1360744, -122.1361222, -122.1361673, -122.1362086, -122.1362451, -122.1362758, -122.1364512, -122.1364663, -122.1364848, -122.1365063, -122.1365302, -122.1365753, -122.1366566, -122.1368644, -122.1371188, -122.137157, -122.1374735, -122.1377619, -122.138056, -122.1384362, -122.1384774, -122.1385177, -122.1385563, -122.1387373, -122.138907, 
-122.1397825, -122.1398201, -122.139853, -122.1398805, -122.1399022, -122.1399175, -122.1399636, -122.1400063, -122.1400735, -122.14012, -122.1401808, -122.1402548, -122.1403405, -122.140516, -122.1406783, -122.1407059, -122.1407284, -122.1407451, -122.1408016, -122.1408703, -122.1408993, -122.1410731, -122.1411198, -122.1411739, -122.1412348, -122.1414599, -122.1417003, -122.1421314, -122.1423785, -122.1426375, -122.1427868, -122.1429387, -122.1430903, -122.1433582, -122.1434806, -122.1436023, -122.1437198, 
-122.1438297, -122.144064, -122.1442135, -122.1443732, -122.1445386, -122.1447052, -122.1448682, -122.1450231, -122.1451936, -122.1453323, -122.1453588, -122.1453862, -122.1454141, -122.1454604, -122.1454792, -122.1454976, -122.1455151, -122.1455311, -122.1457989, -122.1458415, -122.1458766, -122.1459031, -122.1459202, -122.1459275, -122.1459231, -122.1458728, -122.1458652, -122.1458753, -122.1458881, -122.145909, -122.1459376, -122.1459577, -122.1459818, -122.1460095, -122.1460404, -122.1463316, 
-122.1466364, -122.1469358, -122.1472457, -122.1475584, -122.1477321, -122.1477604, -122.1477876, -122.1478129, -122.1478358, -122.1478555, -122.1478716, -122.1479897, -122.1480647, -122.1481571, -122.1482649, -122.1483856, -122.1484832, -122.1485861, -122.1486922, -122.148799, -122.1489041, -122.1490825, -122.1491629, -122.1492445, -122.1493252, -122.1495424, -122.149687, -122.1498326, -122.1500897, -122.1502076, -122.150325, -122.1504385, -122.1505257, -122.1506157, -122.1509131, -122.1512115, 
-122.1512532, -122.1512936, -122.1513315, -122.1514565, -122.1515562, -122.1516625, -122.1516928, -122.1517234, -122.1517535, -122.1517824, -122.151839, -122.1518912, -122.1519333, -122.1519685, -122.1519958, -122.1520146, -122.1520243, -122.1520525, -122.1520605, -122.1520742, -122.1520932, -122.152117, -122.1521448, -122.1522569, -122.1522843, -122.1523142, -122.1523457, -122.152378, -122.15241, -122.1525068, -122.1526003, -122.1526419, -122.1526794, -122.1527116, -122.1527379, -122.1527575, -122.15277, 
-122.1528261, -122.1528392, -122.1528629, -122.1528967, -122.1529398, -122.1529912, -122.1532798, -122.1533622, -122.1537156, -122.1539242, -122.1540146, -122.1541226, -122.1541715, -122.15423, -122.1542966, -122.1544163, -122.1544594, -122.1544982, -122.1545569, -122.1545857, -122.1546179, -122.1546526, -122.1546891, -122.1547263, -122.1547636, -122.1552236, -122.1553121, -122.1554016, -122.1554902, -122.1555761, -122.1556183, -122.1556566, -122.15569, -122.1557607, -122.1559162, -122.1560013, -122.1560116, 
-122.1560178, -122.15602, -122.156018, -122.1560119, -122.1560019, -122.1559882, -122.1559181, -122.155812, -122.1557458, -122.155573, -122.1554813, -122.1554493, -122.1554232, -122.1554035, -122.1553908, -122.1553851, -122.1553868, -122.1554542, -122.1555745, -122.1555875, -122.1556045, -122.155625, -122.1556485, -122.1556742, -122.1557013, -122.1558356, -122.1558689, -122.1559021, -122.1559343, -122.1559646, -122.1559922, -122.1560162, -122.1560957, -122.1561332, -122.1561772, -122.1562266, -122.1562803, 
-122.1563367, -122.1563945, -122.1564794, -122.1565624, -122.1566768, -122.1567136, -122.156751, -122.1568145, -122.1568413, -122.1568677, -122.1568929, -122.1569793, -122.1570653, -122.1570824, -122.1570973, -122.1571096, -122.1571192, -122.1571255, -122.1571286, -122.1571283, -122.1571023, -122.1570945, -122.1570868, -122.1570736, -122.1570357, -122.1570219, -122.1570144, -122.1570133, -122.1570186, -122.1570303, -122.1570479, -122.1570711, -122.1570991, -122.1571313, -122.1571666, -122.1572043, 
-122.1572431, -122.1574103, -122.1575745, -122.1577323, -122.1577631, -122.1577911, -122.1578154, -122.1578479, -122.1578626, -122.1578794, -122.1578979, -122.1579178, -122.1579385, -122.1580765, -122.1582139, -122.1584577, -122.1585711, -122.158591, -122.1586103, -122.1586285, -122.1586451, -122.1586595, -122.1586713, -122.1586801, -122.1587613, -122.1587812, -122.1587923, -122.1587944, -122.158795, -122.1588417, -122.1588609, -122.1588926, -122.1589358, -122.1589895, -122.1590519, -122.1591212, 
-122.1591955, -122.1592727, -122.1593504, -122.1594264, -122.1594985, -122.1596004, -122.1596394, -122.1596805, -122.1597224, -122.1598727, -122.1601461, -122.1602758, -122.1604059, -122.1605335, -122.1606559, -122.1606692, -122.1606811, -122.1606912, -122.1606993, -122.1607051, -122.1607085, -122.1607175, -122.1607068, -122.1606766, -122.1606091, -122.1605983, -122.1605955, -122.1606008, -122.1606142, -122.1606351, -122.1606632, -122.1606975, -122.1607374, -122.1607817, -122.1609656, -122.1610529, 
-122.1611444, -122.1612374, -122.1613292, -122.161655, -122.1622323, -122.162482, -122.1625221, -122.1625635, -122.1626051, -122.1626457, -122.1626845, -122.1627204, -122.1627525, -122.1627799, -122.1628021, -122.1628183, -122.1628283, -122.1628391, -122.1628434, -122.162838, -122.1628228, -122.1626695, -122.1626604, -122.1626577, -122.1626615, -122.1626716, -122.1626879, -122.1627099, -122.1627369, -122.1627885, -122.1628456, -122.1629068, -122.1629707, -122.1630358, -122.1631004, -122.1631631, 
-122.1632663, -122.1633652, -122.1634189, -122.163476, -122.1635351, -122.1635947, -122.1636535, -122.1637098, -122.1637625, -122.1638101, -122.1638319, -122.1638497, -122.1638631, -122.1638718, -122.1638754, -122.163874, -122.1638675, -122.1638561, -122.1638401, -122.1637811, -122.1637495, -122.1637315, -122.1637197, -122.1637142, -122.1637165, -122.1637303, -122.1637554, -122.1637912, -122.1638368, -122.1639011, -122.1639722, -122.1640079, -122.1640464, -122.1640868, -122.1641279, -122.1641688, 
-122.1642083, -122.1642453, -122.164279, -122.1643083, -122.1643326, -122.1643511, -122.1644268, -122.1644709, -122.1645331, -122.1646122, -122.164706, -122.1648126, -122.1648475, -122.1648847, -122.1649231, -122.1649619, -122.165, -122.1650365, -122.1650703, -122.1651006, -122.1651266, -122.1651477, -122.1651633, -122.1652557, -122.1653164, -122.1654044, -122.1654433, -122.1655048, -122.1655302, -122.1655649, -122.1657124, -122.1657913, -122.1658563, -122.1658759, -122.1659021, -122.1659342, -122.1659712, 
-122.1660122, -122.166056, -122.1661014, -122.1661473, -122.1661922, -122.166235, -122.1662745, -122.1663096, -122.1663394, -122.1664646, -122.1665902, -122.1666428, -122.1667022, -122.166767, -122.1668358, -122.1669069, -122.1669787, -122.1671116, -122.1672385, -122.1673556, -122.1674598, -122.1675478, -122.1676172, -122.1676659, -122.1676926, -122.1676996, -122.1677261, -122.1678093, -122.1678317, -122.1678408, -122.1678332, -122.1678089, -122.1677687, -122.1677136, -122.1675797, -122.167529, -122.1674943, 
-122.1674765, -122.1674762, -122.1674934, -122.1675276, -122.1675776, -122.1676391, -122.1676875, -122.1678395, -122.1678724, -122.1679148, -122.1679653, -122.1681827, -122.1683832, -122.1685651, -122.1687045, -122.1688115, -122.168882, -122.1689707, -122.1689952, -122.1690243, -122.1690571, -122.1690928, -122.1691302, -122.1691685, -122.1692064, -122.169243, -122.1692771, -122.169308, -122.1693346, -122.1693563, -122.1693724, -122.1694756, -122.1694944, -122.1695184, -122.1695469, -122.1695791, 
-122.1696144, -122.1696519, -122.1696907, -122.1697297, -122.1697681, -122.169945, -122.1701158, -122.1701986, -122.1702723, -122.1703399, -122.1704461, -122.1707308, -122.170767, -122.1708066, -122.1708488, -122.1708924, -122.1709364, -122.171216, -122.171495, -122.1715072, -122.171532, -122.1715439, -122.1715905, -122.1716649, -122.1717256, -122.1717709, -122.1717994, -122.171813, -122.171839, -122.1718601, -122.1718762, -122.1719, -122.1719309, -122.1719679, -122.1721219, -122.1722877, -122.1725188, 
-122.1725708, -122.1726174, -122.1726574, -122.1726898, -122.1728084, -122.1728555, -122.1728976, -122.1729116, -122.1729299, -122.1729521, -122.1729775, -122.1730678, -122.1731262, -122.17318, -122.1733737, -122.1733932, -122.1734091, -122.1734384, -122.1734612, -122.1735597, -122.1736751, -122.1737614, -122.1738562, -122.1739576, -122.1740937, -122.1741225, -122.1741491, -122.1741731, -122.1742364, -122.1742848, -122.1743661, -122.1743914, -122.1744135, -122.1745862, -122.1746479, -122.1746951, 
-122.1747271, -122.1748025, -122.174817, -122.174819, -122.1748083, -122.174754, -122.1747366, -122.1747337, -122.1747452, -122.174771, -122.1748268, -122.1749006, -122.1749909, -122.1750954, -122.1753669, -122.1754282, -122.1754796, -122.17552, -122.1755482, -122.1755637, -122.1756471, -122.1756537, -122.1756665, -122.1756852, -122.1757092, -122.175738, -122.1757707, -122.1758065, -122.1758443, -122.1758833, -122.1759223, -122.1759604, -122.1763519, -122.1763868, -122.1764217, -122.1764559, -122.1764883, 
-122.1765182, -122.1765448, -122.1765673, -122.1765852, -122.1766843, -122.1767016, -122.1767228, -122.1767472, -122.176875, -122.1772723, -122.1778617, -122.1779652, -122.1780752, -122.1781887, -122.1783028, -122.1792352, -122.1794801, -122.1797258, -122.1797495, -122.1797722, -122.1797933, -122.1798123, -122.1798287, -122.1798421, -122.179852, -122.1798583, -122.1798607, -122.1798565, -122.1798406, -122.1798136, -122.1797762, -122.1797296, -122.179675, -122.1793814, -122.1793548, -122.1793323, 
-122.1793144, -122.1793018, -122.1792946, -122.1792931, -122.1792974, -122.1793072, -122.1793832, -122.1794862, -122.1795719, -122.1796669, -122.1797994, -122.179823, -122.1799374, -122.179972, -122.1800107, -122.1800528, -122.1800973, -122.1802284, -122.1803609, -122.180492, -122.1809092, -122.1810013, -122.1810882, -122.1811679, -122.1813424, -122.1814599, -122.1815448, -122.1816349, -122.1817275, -122.1818201, -122.1819098, -122.181994, -122.1820703, -122.1821365, -122.1823075, -122.1824408, -122.1825333, 
-122.1825826, -122.1825922, -122.1826371, -122.1827216, -122.1828438, -122.1830009, -122.1831895, -122.1833804, -122.183415, -122.1834426, -122.1834625, -122.1834742, -122.1834775, -122.1834669, -122.1834411, -122.1834024, -122.1833974, -122.1833994, -122.1834138, -122.1834654, -122.1835526, -122.1838043, -122.1839469, -122.1841096, -122.1842545, -122.1843862, -122.1845467, -122.1847344, -122.1849469, -122.1851812, -122.1852316, -122.1852857, -122.1853422, -122.1854001, -122.1854581, -122.1858324, 
-122.1861283, -122.1864179, -122.1867734, -122.1868574, -122.1869435, -122.1870301, -122.1874403, -122.1875054, -122.187569, -122.1876296, -122.1876853, -122.1877347, -122.1877765, -122.1878095, -122.1878328, -122.187879, -122.1878937, -122.1879014, -122.1879261, -122.1879584, -122.1880086, -122.1880754, -122.1881574, -122.1883362, -122.1885318, -122.1887205, -122.1889203, -122.1893932, -122.1894591, -122.1895261, -122.189735, -122.1898755, -122.1900109, -122.1901376, -122.1902521, -122.1903515, 
-122.1904329, -122.1904943, -122.190534, -122.1905509, -122.1905445, -122.1905151, -122.1904501, -122.1904211, -122.1904055, -122.1903688, -122.1901936, -122.190035, -122.1899464, -122.1898857, -122.1898719, -122.1898564, -122.1898671, -122.1898904, -122.1898982, -122.1898595, -122.1898638, -122.1897538, -122.1895571, -122.1820436, -122.1819349, -122.1818326, -122.1817598, -122.1816709, -122.1815779, -122.181481, -122.1813847, -122.1781413, -122.1781534, -122.1744433, -122.173895, -122.1728559, -122.1727749, 
-122.1708284, -122.1704815, -122.1702695, -122.1707309, -122.1703744, -122.1703583, -122.1703419, -122.1702712, -122.1702841, -122.170295, -122.1702654, -122.1702361, -122.1702033, -122.1702232, -122.1701743, -122.1681454, -122.1672397, -122.168662, -122.1686567, -122.1686593, -122.1686587, -122.1686527, -122.1686466, -122.1686341, -122.1675181, -122.1657776, -122.1657664, -122.1657558, -122.1657492, -122.1657467, -122.1657472, -122.1657949, -122.1655882, -122.1655217, -122.1655049, -122.1654841, 
-122.1654598, -122.1654328, -122.165404, -122.1653741, -122.1653441, -122.165315, -122.1652876, -122.1652599, -122.1639534, -122.1605302, -122.1605161, -122.1605056, -122.160499, -122.1604965, -122.1604981, -122.1605039, -122.1605137, -122.1605271, -122.1605438, -122.1605632, -122.1607802, -122.1605383, -122.1602896, -122.1602617, -122.1602319, -122.1602011, -122.1601702, -122.1601401, -122.1601117, -122.1600861, -122.1600696, -122.1496191, -122.1495965, -122.1495646, -122.1495409, -122.149526, -122.1495203, 
-122.1495239, -122.1495367, -122.1495585, -122.1495827, -122.1563967, -122.1565499, -122.1573693, -122.1532947, -122.1533099, -122.1497716, -122.1533328, -122.1535198, -122.155851, -122.1561787, -122.155862, -122.155708, -122.1555858, -122.1554378, -122.1551813, -122.154967, -122.1548124, -122.1546488, -122.1544773, -122.1543475, -122.1542147, -122.153876, -122.1537675, -122.1534789, -122.1531772, -122.1521931, -122.1522316, -122.152371, -122.152379, -122.1526134, -122.1529532, -122.1526214, -122.152598, 
-122.1527114, -122.1528694, -122.152983, -122.1527564, -122.1529123, -122.1521447, -122.1522434, -122.1525571, -122.1524816, -122.1525828, -122.1524639, -122.1534829, -122.1531621, -122.1531126, -122.1526538, -122.1519322, -122.1618015, -122.1619171, -122.1644581, -122.1678085, -122.1702442, -122.1708759, -122.1722951, -122.1816651, -122.1854936, -122.1842168, -122.1838555, -122.183435, -122.1865775, -122.1867802, -122.1868666, -122.1869487, -122.1870484, -122.1871424, -122.1877506, -122.1878107, 
-122.1878756, -122.1879444, -122.1880161, -122.1880896, -122.1887548, -122.1878748, -122.1874009, -122.1880222, -122.1868917, -122.1875908, -122.1863204, -122.1869352, -122.187565, -122.1884899, -122.1885677, -122.1887591, -122.1888362, -122.1889096, -122.189348, -122.1894166, -122.1896275, -122.1896881, -122.1900293, -122.1900905, -122.1901607, -122.1913396, -122.1914093, -122.1929042, -122.1933709, -122.1948792, -122.1958546, -122.1967495, -122.1972207, -122.1977865, -122.1983401, -122.199358, 
-122.1994338, -122.1995189, -122.2001492, -122.2003938, -122.2006465, -122.2008056, -122.2008929, -122.2009891, -122.2010812, -122.2011591, -122.2012077, -122.2014626, -122.2015628, -122.2015941, -122.2016489, -122.2016518, -122.2016652, -122.2016461, -122.2016273, -122.2016381, -122.2015508, -122.2015365, -122.2015333, -122.201442, -122.2014125, -122.2014198, -122.2014454, -122.2014387, -122.201534, -122.2017141, -122.2017346, -122.2017486, -122.2017557, -122.2017345, -122.2017048, -122.2016674, 
-122.2016233, -122.2015676, -122.2014067, -122.2012722, -122.2012615, -122.2012632, -122.201277, -122.2013028, -122.2013398, -122.2013871, -122.2014331, -122.2014718, -122.2014882, -122.2014983, -122.2015021, -122.2014967, -122.2014751, -122.2014789, -122.2014748, -122.2014669, -122.2014295, -122.2014143, -122.2014065, -122.2014083, -122.201426, -122.2014514, -122.2015049, -122.2015329, -122.201567, -122.2016321, -122.2016402, -122.2016516, -122.2016547, -122.2016555, -122.2016531, -122.2016431, 
-122.2016398, -122.201639, -122.2016437, -122.2016483, -122.2016621, -122.2017067, -122.2017179, -122.2017318, -122.2017382, -122.2017384, -122.2017333, -122.2017333, -122.2017364, -122.2017463, -122.2017609, -122.2017659, -122.2017684, -122.2017679, -122.2017729, -122.201796, -122.2018263, -122.2018522, -122.2018835, -122.2019196, -122.2019733, -122.2020224, -122.2020765, -122.2021222, -122.2022113, -122.2022202, -122.2022254, -122.2022267, -122.202224, -122.2021535, -122.2021474, -122.2021486, 
-122.2021559, -122.202169, -122.2021877, -122.2022637, -122.2022695, -122.2022694, -122.2022635, -122.2022517, -122.2022348, -122.2022134, -122.2022019, -122.2021922, -122.2021845, -122.2021792, -122.2021763, -122.2021759, -122.2021781, -122.2021875, -122.2021895, -122.2021885, -122.2021846, -122.2021673, -122.202165, -122.2021655, -122.2021688, -122.2021747, -122.2021832, -122.2021939, -122.2022066, -122.20239, -122.2024056, -122.2024186, -122.2024287, -122.2024355, -122.2024349, -122.2024315, -122.2024238, 
-122.2024123, -122.2024005, -122.2023861, -122.202352, -122.2023374, -122.2023259, -122.2023177, -122.202313, -122.2023133, -122.2023203, -122.2023338, -122.2024945, -122.2025039, -122.2025083, -122.2025075, -122.2025293, -122.2025379, -122.2025558, -122.2025807, -122.2025862, -122.2025283, -122.2025032, -122.2025381, -122.202591, -122.2026377, -122.2026647, -122.2026606, -122.2026392, -122.2026009, -122.2025547, -122.2024945, -122.2021278, -122.201925, -122.2017477, -122.2016353, -122.2015044, -122.2013308, 
-122.2011447, -122.2007593, -122.2007066, -122.2006611, -122.2006235, -122.2005949, -122.2005757, -122.2005434, -122.2004921, -122.2004138, -122.2002863, -122.2001882, -122.1999923, -122.1999478, -122.1998888, -122.1998165, -122.1997322, -122.1995873, -122.1994304, -122.1991762, -122.1990947, -122.1990219, -122.1989598, -122.1989101, -122.1988043, -122.1987154, -122.1986638, -122.1985948, -122.1985101, -122.1983075, -122.1982159, -122.1981383, -122.1980069, -122.1979019, -122.1978248, -122.1976996, 
-122.1975501, -122.1973204, -122.1971703, -122.1971098, -122.1970394, -122.1969604, -122.1968741, -122.196719, -122.1965703, -122.1964189, -122.1962798, -122.1962328, -122.1961966, -122.1961721, -122.1961493, -122.196148, -122.196156, -122.1961475, -122.1960389, -122.1959918, -122.1959606, -122.1959457, -122.195953, -122.1959777, -122.1959904, -122.1959882, -122.1959552, -122.1959425, -122.1959452, -122.1959713, -122.1959769, -122.1959175, -122.1958402, -122.1950699, -122.1949317, -122.1947628, -122.1943223, 
-122.1941791, -122.1939719, -122.1938994, -122.1935148, -122.1933055, -122.1931574, -122.19303, -122.1927363, -122.1926863, -122.1926242, -122.1925516, -122.19247, -122.1920324, -122.1913314, -122.1912389, -122.1911555, -122.1910971, -122.1910464, -122.1910123, -122.1906557, -122.1904392, -122.1903006, -122.1897284, -122.1896674, -122.1895932, -122.1895074, -122.1893932, -122.1892579, -122.1891032, -122.1889692, -122.1887597, -122.1885137, -122.1882877, -122.1880818, -122.1875417, -122.1872211, -122.1868882, 
-122.1868165, -122.1867381, -122.1866543, -122.1860682, -122.1859858, -122.1859104, -122.185844, -122.1857883, -122.1857448, -122.1857147, -122.1856986, -122.185696, -122.1857046, -122.185724, -122.1857411, -122.186042, -122.1860589, -122.1860667, -122.1860651, -122.1860544, -122.1860346, -122.1860065, -122.1858091, -122.1855874, -122.1854682, -122.1853679, -122.1852887, -122.1848283, -122.184802, -122.1847677, -122.1847263, -122.1846788, -122.1846264, -122.18451, -122.1844303, -122.1843573, -122.1842931, 
-122.1842392, -122.1841971, -122.1841678, -122.1839978, -122.1838904, -122.1837447, -122.183622, -122.1835232, -122.18334, -122.1831104, -122.1828367, -122.1826047, -122.1823364, -122.1820354, -122.1817063, -122.1815554, -122.1814206, -122.1813058, -122.1812143, -122.1811489, -122.1810509, -122.1809384, -122.1808187, -122.180667, -122.180486, -122.1802791, -122.18005, -122.1795203, -122.1789987, -122.1787401, -122.1785032, -122.1782918, -122.1781097, -122.1779051, -122.1776873, -122.1774934, -122.177342, 
-122.1772402, -122.1771561, -122.1771518, -122.1768892, -122.1768689, -122.1766706, -122.1765559, -122.1763082, -122.1761603, -122.1760459, -122.1743923, -122.1750698, -122.1752655, -122.178025, -122.1787991, -122.1788138, -122.1788353, -122.1788575, -122.1788834, -122.1789132, -122.1789468, -122.1789746, -122.1790041, -122.1790497, -122.1802726, -122.1820609, -122.1843889, -122.1850733, -122.1851438, -122.1831235, -122.1816601, -122.1813318, -122.1811182, -122.1812133, -122.1811817, -122.180726, 
-122.1804781, -122.1803876, -122.180212, -122.1799057, -122.1794708, -122.1792992, -122.1792406, -122.1793493, -122.1793741, -122.1794895, -122.1794104, -122.1796736, -122.1796032, -122.1793803, -122.1792566, -122.1791511, -122.1790852, -122.1788423, -122.1787006, -122.1788003, -122.1792886, -122.1797927, -122.1799767, -122.1798278, -122.179809, -122.1797665, -122.179678, -122.1795899, -122.1795032, -122.1794193, -122.1780309, -122.1778716, -122.1777097, -122.1775457, -122.1773805, -122.1772133, 
-122.1770455, -122.1768782, -122.176711, -122.1765445, -122.1763794, -122.176216, -122.176055, -122.1758966, -122.1757415, -122.17559, -122.1754074, -122.1752267, -122.1751634, -122.1750363, -122.1749721, -122.1748432, -122.1746769, -122.1745618, -122.1744849, -122.1744079, -122.174293, -122.1742163, -122.1741405, -122.1740646, -122.1739519, -122.1738863, -122.1737429, -122.1736004, -122.1734592, -122.1733192, -122.1731271, -122.1730029, -122.1728768, -122.1727485, -122.1726835, -122.172552, -122.1724192, 
-122.1722847, -122.1722173, -122.1720809, -122.1719191, -122.1717351, -122.1715507, -122.1712944, -122.17117, -122.1710883, -122.1709672, -122.1708922, -122.1707945, -122.1707493, -122.1706957, -122.1706456, -122.1706084, -122.1705739, -122.1705347, -122.1705069, -122.1704822, -122.1704659, -122.1704471, -122.1704317, -122.17042, -122.1704119, -122.1704081, -122.1704064, -122.1704081, -122.1704058, -122.1703963, -122.1703817, -122.1703575, -122.1703319, -122.170295, -122.1702517, -122.1702196, -122.170185, 
-122.1701481, -122.1701113, -122.1695722, -122.1695087, -122.169428, -122.1693705, -122.1693337, -122.1692982, -122.1692476, -122.1692001, -122.1691703, -122.1691284, -122.1691024, -122.1690551, -122.1690144, -122.1689806, -122.1689536, -122.1689426, -122.1687551, -122.1687447, -122.168734, -122.1687168, -122.1686967, -122.1686611, -122.168619, -122.1685874, -122.1685088, -122.1684156, -122.1683665, -122.1682631, -122.168209, -122.1678096, -122.1677119, -122.1676583, -122.1675551, -122.1673215, -122.1672451, 
-122.167171, -122.1670992, -122.1670296, -122.1669625, -122.1668977, -122.1668352, -122.1667962, -122.1667489, -122.1666974, -122.1666656, -122.1666349, -122.1666119, -122.1665871, -122.1665605, -122.1665177, -122.1664824, -122.1664496, -122.1664147, -122.1663781, -122.1663401, -122.1663012, -122.1662618, -122.1662223, -122.1661832, -122.1657185, -122.1656601, -122.1656054, -122.1655504, -122.1654951, -122.1654031, -122.1653117, -122.1652216, -122.1651684, -122.1651161, -122.1650313, -122.164982, 
-122.1649382, -122.1648626, -122.1648084, -122.1647733, -122.1647227, -122.1646744, -122.1646287, -122.1645996, -122.1645583, -122.1645324, -122.1645235, -122.1645132, -122.1644935, -122.1644777, -122.1644506, -122.1644305, -122.1643977, -122.1643627, -122.1642133, -122.1640633, -122.1639123, -122.1637606, -122.1636592, -122.1635074, -122.1634063, -122.1633056, -122.1632554, -122.1631928, -122.163148, -122.1630916, -122.163024, -122.1629793, -122.1629244, -122.1628708, -122.1628347, -122.162786, 
-122.1627407, -122.1627124, -122.1626735, -122.1626499, -122.1626285, -122.1626093, -122.1625923, -122.1625601, -122.1625461, -122.162535, -122.1625249, -122.1625201, -122.1625181, -122.162519, -122.1625228, -122.1625339, -122.1625654, -122.1626061, -122.1626295, -122.1626683, -122.1626967, -122.1627652, -122.1628335, -122.1628954, -122.1629505, -122.1629989, -122.1630403, -122.1630747, -122.1631019, -122.1631325, -122.1631874, -122.1632491, -122.1633173, -122.1635963, -122.1636678, -122.1637056, 
-122.1637421, -122.1638111, -122.1638748, -122.1639331, -122.1639602, -122.1639747, -122.1639898, -122.1640022, -122.1640116, -122.1640181, -122.1640217, -122.1640223, -122.1640189, -122.1640129, -122.1640021, -122.1639834, -122.1639683, -122.1639617, -122.163948, -122.1639276, -122.1639014, -122.1638705, -122.1637835, -122.1637184, -122.1636551, -122.1635937, -122.1635005, -122.1633685, -122.1632792, -122.1631436, -122.1630402, -122.1630179, -122.1630075, -122.1629892, -122.1629748, -122.1629695, 
-122.1629627, -122.1629614, -122.1629615, -122.1629659, -122.1629702, -122.1629826, -122.1630833, -122.1631708, -122.163213, -122.1632944, -122.1633335, -122.1634084, -122.1634652, -122.1635071, -122.1635459, -122.1635816, -122.1636141, -122.1636434, -122.1636811, -122.1637258, -122.1637449, -122.1637787, -122.1638047, -122.1638486, -122.1638812, -122.1639348, -122.1639942, -122.164059, -122.1641291, -122.1641537, -122.1643034, -122.1644321, -122.1645633, -122.1646971, -122.1648896, -122.164922, 
-122.1649682, -122.1650113, -122.1650511, -122.1650876, -122.1651101, -122.1651409, -122.1651681, -122.1651916, -122.1652094, -122.1652663, -122.1653017, -122.1654672, -122.166833, -122.1645052, -122.1644374, -122.1643795, -122.1642731, -122.1636991, -122.1629317, -122.1629034, -122.1621623, -122.1616449, -122.1610765, -122.160456, -122.1598666, -122.159755, -122.159523, -122.1592908, -122.159157, -122.1569674, -122.1568757, -122.1566531, -122.156435, -122.1562056, -122.1561907, -122.1560986, -122.1559119, 
-122.1557307, -122.153763, -122.1536341, -122.1535116, -122.1533958, -122.153287, -122.1531856, -122.1530933, -122.1530059, -122.152928, -122.1528596, -122.1527973, -122.1527449, -122.1527017, -122.1526664, -122.1526417, -122.1525457, -122.1524834, -122.1519379, -122.1351295, -122.1349891, -122.1327685, -122.1322264, -122.1461118, -122.1461112, -122.1501383, -122.1502066, -122.16012, -122.160073, -122.1685419, -122.168051, -122.1723531, -122.1720597, -122.1722473, -122.1652868, -122.1653298, -122.1666626, 
-122.1690434, -122.16761, -122.168185, -122.1685046, -122.168928, -122.1694161, -122.1698491, -122.1701769, -122.1704321, -122.1709773, -122.1714216, -122.1717703, -122.172126, -122.1726471, -122.1741658, -122.174219, -122.1742773, -122.1743373, -122.1743888, -122.1744614, -122.1745974, -122.1747015, -122.1747788, -122.1751592, -122.1753432, -122.1754135, -122.175726, -122.1754784, -122.1754229, -122.175338, -122.1752081, -122.1747271, -122.174677, -122.1745907, -122.1745118, -122.1744406, -122.1743987, 
-122.1736839, -122.1732619, -122.1730094, -122.172597, -122.1720213, -122.1716455, -122.1713294, -122.1712724, -122.1712122, -122.1711759, -122.1711502, -122.1710875, -122.1710257, -122.1709877, -122.1709072, -122.1708255, -122.1707438, -122.1706802, -122.1704211, -122.1703432, -122.1701644, -122.1700927, -122.1700471, -122.170009, -122.1699859, -122.1699029, -122.1698909, -122.1698872, -122.1698925, -122.1699068, -122.1699181, -122.16999, -122.170015, -122.1700339, -122.1700441, -122.1700513, -122.1700571, 
-122.1700724, -122.1700966, -122.170126, -122.170163, -122.1702016, -122.1702465, -122.1702968, -122.1703513, -122.1703953, -122.1705757, -122.1707278, -122.1708772, -122.1709993, -122.1710965, -122.1712519, -122.1713518, -122.1714495, -122.1715442, -122.1716668, -122.1717222, -122.1717786, -122.1718291, -122.1718729, -122.1719092, -122.171939, -122.1719485, -122.1719633, -122.1719689, -122.1719652, -122.1719523, -122.1719305, -122.1719006, -122.1718634, -122.1718345, -122.1718096, -122.1717719, 
-122.1717182, -122.1716237, -122.1715284, -122.1714331, -122.1709012, -122.1703708, -122.1701243, -122.1696952, -122.1696026, -122.16951, -122.1694182, -122.1693282, -122.1692483, -122.1691891, -122.1691237, -122.1690638, -122.1690101, -122.1689635, -122.1689279, -122.1688981, -122.1688767, -122.1688641, -122.1688606, -122.1688642, -122.1689208, -122.168925, -122.1689217, -122.1689092, -122.1688878, -122.168858, -122.1688203, -122.1687926, -122.1691801, -122.1692824, -122.1697924, -122.1699542, -122.1708756, 
-122.171352, -122.17198, -122.1715435, -122.171349, -122.1703114, -122.1701609, -122.1681921, -122.1681311, -122.1678201, -122.168729, -122.1697066, -122.1699188, -122.171824, -122.17051, -122.1703883, -122.1693311, -122.1690298, -122.1687452, -122.1671827, -122.1649735, -122.1622778, -122.1621251, -122.1513076, -122.1503755, -122.1502958, -122.1502291, -122.1496076, -122.1486812, -122.1484458, -122.1479773, -122.1479571, -122.146765, -122.1467651, -122.1461809, -122.1461806, -122.1458229, -122.1446458, 
-122.1435028, -122.1430362, -122.1428865, -122.1427386, -122.1425696, -122.1424283, -122.1422796, -122.1421879, -122.1414282, -122.1408312, -122.1407136, -122.1408268, -122.140558, -122.1406879, -122.1401741, -122.1387888, -122.1387872, -122.1382352, -122.1382417, -122.1369529, -122.1363292, -122.1350683, -122.1350731, -122.1363299, -122.1363354, -122.1363345, -122.1353267, -122.1353033, -122.1352728, -122.1352342, -122.135259, -122.1348675, -122.1351759, -122.1322165, -122.1321331, -122.1320731, 
-122.133126, -122.1330631, -122.1329804, -122.1305114, -122.1305103, -122.1303823, -122.1303156, -122.1273768, -122.1273016, -122.1271697, -122.1270298, -122.1269409, -122.1267696, -122.12654, -122.1268398, -122.1263616, -122.1262596, -122.1263227, -122.1266606, -122.126865, -122.1270261, -122.1270256, -122.1269837, -122.126796, -122.1272786, -122.1273454, -122.1272878, -122.1273068, -122.1274314, -122.1272224, -122.1272948, -122.1274175, -122.1278559, -122.1278993, -122.1279811, -122.1282491, -122.1283483, 
-122.1283224, -122.1283687, -122.1284021, -122.1281611, -122.1279408, -122.1276149, -122.1273951, -122.1274605, -122.1275725, -122.1277494, -122.1278672, -122.1278247, -122.1277006, -122.1275385, -122.127576, -122.1278297, -122.1280258, -122.1281521, -122.1282604, -122.1284074, -122.1285238, -122.1286425, -122.1286673, -122.1284305, -122.1284081, -122.1285044, -122.1288583, -122.1289138, -122.1291265, -122.1294438, -122.1296558, -122.1296375, -122.1295761, -122.1294797, -122.1294885, -122.1295673, 
-122.1294183, -122.1294994, -122.1291381, -122.1291051, -122.1287995, -122.1285699, -122.1283326, -122.1281081, -122.1279851, -122.1282413, -122.1282696, -122.1284977, -122.1282283, -122.1279579, -122.1279289, -122.1278392, -122.1277722, -122.1276878, -122.1277036, -122.1276236, -122.1274459, -122.1273823, -122.1271069, -122.1270806, -122.1269674, -122.1267027, -122.1264205, -122.1262412, -122.1260183, -122.1255201, -122.1254149, -122.1255366, -122.1255052, -122.1253413, -122.1250509, -122.1248274, 
-122.1249133, -122.1248778, -122.1249624, -122.1251049, -122.1251287, -122.125009, -122.1249641, -122.1249295, -122.1249028, -122.1248551, -122.1247814, -122.1244284, -122.1243194, -122.1242242, -122.1239613, -122.1237114, -122.1235783, -122.1235711, -122.1233158, -122.1231412, -122.1228585, -122.1228023, -122.1227133, -122.1228214, -122.1227307, -122.1225535, -122.1224089, -122.1222583, -122.122181, -122.1220525, -122.1219907, -122.1219849, -122.1217106, -122.1216706, -122.1213337, -122.1211139, 
-122.1209218, -122.1207863, -122.1204398, -122.1200475, -122.1200469, -122.119972, -122.1198912, -122.1197073, -122.1195162, -122.1192783, -122.1191126, -122.1190038, -122.1183524, -122.1175575, -122.1169842, -122.1168371, -122.1162056, -122.1158059, -122.1153594, -122.1150714, -122.1148775, -122.1145293, -122.1144457, -122.1145806, -122.1143264, -122.1143533, -122.1139453, -122.1137169, -122.1135942, -122.1135877, -122.1134647, -122.1130507, -122.112758, -122.1142357, -122.1142065, -122.1142444, 
-122.1146734, -122.1151205, -122.1151344, -122.1151448, -122.1151527, -122.1151577, -122.1151596, -122.1151583, -122.115154, -122.1151467, -122.1151374, -122.1153669, -122.1154689, -122.115571, -122.115372, -122.1152469, -122.1157806, -122.1156738, -122.1163385, -122.1164444, -122.1171511, -122.117253, -122.1172664, -122.117244, -122.1171824, -122.1170794, -122.117016, -122.1169299, -122.1168478, -122.1167717, -122.1167394, -122.1166283, -122.1165818, -122.1165354, -122.1161553, -122.1161238, -122.1161026, 
-122.11609, -122.116063, -122.1160504, -122.1160288, -122.1160165, -122.1159986, -122.1159679, -122.1157129, -122.1155381, -122.1105576, -122.1104046, -122.1102792, -122.1097245, -122.1085155, -122.1084033, -122.1079274, -122.1069796, -122.105537, -122.1057385, -122.1046949, -122.1033864, -122.1030118, -122.1012887, -122.1018082, -122.1018876, -122.1020702, -122.1021204, -122.1015176, -122.1013051, -122.1010034, -122.1013432, -122.1012815, -122.1009419, -122.1009175, -122.100614, -122.0981461, -122.0977819, 
-122.0982615, -122.0985362, -122.0988547, -122.0992661, -122.0998879, -122.0997371, -122.1001687, -122.1005941, -122.1008226, -122.1009141, -122.1012247, -122.1014797, 37.4282277, 37.4294825, 37.4296209, 37.4297841, 37.4299494, 37.4301161, 37.4302444, 37.4313121, 37.4315387, 37.4316589, 37.4316672, 37.4316767, 37.4319526, 37.4322542, 37.4322681, 37.4322812, 37.4322931, 37.4323034, 37.4323167, 37.4323236, 37.4323403, 37.4323689, 37.4324661, 37.4328756, 37.4332016, 37.4334698, 37.4337351, 37.4351511, 
37.4353231, 37.4355512, 37.4356373, 37.4358941, 37.4362093, 37.4366714, 37.4373213, 37.4384401, 37.4387441, 37.4397256, 37.4403809, 37.4407312, 37.4409903, 37.4410365, 37.4410306, 37.4410766, 37.4414637, 37.4414776, 37.4421301, 37.4426019, 37.443225, 37.4435581, 37.4439173, 37.4446743, 37.4453972, 37.4457385, 37.4460536, 37.4464333, 37.4466708, 37.4467291, 37.4470576, 37.4475412, 37.4478804, 37.4484436, 37.4488695, 37.449429, 37.4497667, 37.4499695, 37.4509326, 37.4506825, 37.4511265, 37.4710658, 
37.4779231, 37.4624356, 37.4653281, 37.4652148, 37.4657977, 37.4659723, 37.4658978, 37.465779, 37.4656445, 37.4655388, 37.4654599, 37.4653752, 37.4652538, 37.4651597, 37.4650477, 37.4649189, 37.4645371, 37.4641633, 37.4636006, 37.4630626, 37.4625103, 37.461969, 37.461529, 37.461458, 37.4613732, 37.4612773, 37.4611495, 37.4611018, 37.4610512, 37.4609989, 37.4609461, 37.4608938, 37.4607253, 37.4602813, 37.4598407, 37.4594778, 37.4591083, 37.4587341, 37.4584826, 37.4582367, 37.4579985, 37.4578324, 37.4576591, 
37.4574783, 37.4572978, 37.4568965, 37.4566704, 37.4563685, 37.4560707, 37.4559255, 37.4557876, 37.4556597, 37.455404, 37.45525, 37.4550844, 37.4549665, 37.454832, 37.4548009, 37.4547675, 37.4547326, 37.4543459, 37.4542299, 37.4541156, 37.454005, 37.4538011, 37.4537397, 37.4536837, 37.4536347, 37.4534527, 37.4533983, 37.453353, 37.4533177, 37.4532929, 37.4532067, 37.4530918, 37.4529495, 37.4528698, 37.452811, 37.4527742, 37.4527713, 37.4527744, 37.4527834, 37.4527983, 37.4528256, 37.4528308, 37.452834, 
37.4528351, 37.4528323, 37.4528351, 37.4528422, 37.4528803, 37.4529149, 37.4529371, 37.4529654, 37.4530308, 37.4530566, 37.4531116, 37.4531575, 37.4532128, 37.4535341, 37.4535553, 37.4535718, 37.4535832, 37.4535892, 37.4535931, 37.4536413, 37.4536638, 37.4536607, 37.4536323, 37.4535793, 37.4535034, 37.4534069, 37.4532927, 37.4531642, 37.453097, 37.4526794, 37.4526272, 37.4525939, 37.4525325, 37.4524776, 37.4523387, 37.4521678, 37.4521335, 37.4520997, 37.452067, 37.4520363, 37.4520082, 37.4519834, 
37.451891, 37.4518609, 37.4518379, 37.4518225, 37.4518152, 37.4518161, 37.4518252, 37.4518423, 37.4519503, 37.4520888, 37.4521508, 37.4522206, 37.4522963, 37.4525275, 37.4527481, 37.4527867, 37.4528215, 37.4528517, 37.4529145, 37.4529591, 37.4531002, 37.4531761, 37.453217, 37.4532456, 37.4532611, 37.4532651, 37.4532902, 37.4533224, 37.4533433, 37.4533506, 37.4533653, 37.4533869, 37.4534149, 37.4534484, 37.4534863, 37.45366, 37.4537846, 37.4538992, 37.4540018, 37.4540286, 37.4540496, 37.4540642, 37.4540774, 
37.4540783, 37.4540697, 37.4540773, 37.4540811, 37.4540891, 37.4541009, 37.4541164, 37.4542437, 37.4543412, 37.454359, 37.4543727, 37.4543821, 37.4543869, 37.4543895, 37.4543808, 37.4543351, 37.4543128, 37.4542816, 37.4542206, 37.4541701, 37.4541034, 37.4540166, 37.4539926, 37.4539777, 37.4539721, 37.4539759, 37.4539895, 37.4539938, 37.4540042, 37.4540206, 37.4540425, 37.4540693, 37.4541004, 37.4543269, 37.4543442, 37.4543592, 37.4543715, 37.4543806, 37.4543943, 37.454417, 37.4544666, 37.4544904, 
37.454497, 37.4545867, 37.4546425, 37.4546741, 37.4546902, 37.4546933, 37.4547007, 37.4547124, 37.4547882, 37.4548792, 37.4553867, 37.4554111, 37.4554394, 37.4554711, 37.4555056, 37.4555422, 37.4557348, 37.4559235, 37.4561075, 37.4561943, 37.4562752, 37.4563488, 37.4564138, 37.4565396, 37.4566761, 37.4567051, 37.4567369, 37.4567708, 37.4569619, 37.4571122, 37.4571575, 37.4573573, 37.4574094, 37.4574565, 37.4574981, 37.4576194, 37.4577205, 37.4578742, 37.4579671, 37.4580365, 37.45806, 37.4580665, 
37.4580558, 37.458007, 37.4580023, 37.458014, 37.4580419, 37.4580851, 37.4582204, 37.4582793, 37.4583176, 37.458334, 37.4583282, 37.4583003, 37.4582511, 37.4581762, 37.4581153, 37.4581083, 37.4581045, 37.458104, 37.4581087, 37.458108, 37.4581048, 37.4580992, 37.4580913, 37.4579555, 37.4579237, 37.4578865, 37.457845, 37.4578005, 37.4577543, 37.4576309, 37.457391, 37.4572713, 37.4571518, 37.457098, 37.4570457, 37.4569959, 37.4569703, 37.4569469, 37.4569262, 37.4569087, 37.4567792, 37.4566714, 37.4565992, 
37.4565652, 37.4565702, 37.4565821, 37.4565856, 37.4565927, 37.4566033, 37.456617, 37.4566335, 37.4566523, 37.4568646, 37.4569618, 37.457049, 37.4571242, 37.4571857, 37.4572204, 37.457243, 37.4572532, 37.4572507, 37.4572355, 37.4571873, 37.4571764, 37.4571758, 37.4571853, 37.4572387, 37.4572528, 37.4572467, 37.4571993, 37.4571938, 37.4572045, 37.4572308, 37.4572529, 37.4572665, 37.4572864, 37.4572867, 37.4572826, 37.4572731, 37.4572585, 37.4571884, 37.4571501, 37.4571254, 37.4571223, 37.4571231, 
37.4571275, 37.4571356, 37.4571593, 37.4571889, 37.4572212, 37.4572584, 37.4572996, 37.4573438, 37.4573897, 37.4575848, 37.4576123, 37.4576383, 37.4576621, 37.457683, 37.4577004, 37.4577632, 37.4577769, 37.4577866, 37.457792, 37.4577931, 37.4577896, 37.4577683, 37.4577393, 37.4577211, 37.4576978, 37.4576701, 37.4576386, 37.4576041, 37.4575676, 37.457264, 37.4572079, 37.4571541, 37.4571038, 37.4570582, 37.4570184, 37.4568165, 37.4567557, 37.4565075, 37.4563377, 37.4562453, 37.4560851, 37.4560335, 
37.4559887, 37.4559518, 37.4559061, 37.4558837, 37.4558569, 37.4558037, 37.4557848, 37.4557697, 37.4557588, 37.4557522, 37.4557503, 37.455753, 37.4558544, 37.4558649, 37.4558652, 37.4558551, 37.4558351, 37.4558193, 37.4557982, 37.4557724, 37.4556941, 37.4555575, 37.4554523, 37.4554337, 37.4554139, 37.4553937, 37.4553734, 37.4553536, 37.4553349, 37.4553177, 37.4552586, 37.4551542, 37.4551032, 37.4549995, 37.4549327, 37.4549028, 37.4548694, 37.4548334, 37.4547954, 37.4547564, 37.4547171, 37.4544241, 
37.4541422, 37.4541225, 37.4541049, 37.4540899, 37.4540778, 37.4540692, 37.4540641, 37.4540479, 37.454046, 37.4540485, 37.4540555, 37.4540666, 37.4540817, 37.4541002, 37.4541801, 37.4542153, 37.4542453, 37.4542693, 37.4542866, 37.4542969, 37.4542999, 37.4542939, 37.4542783, 37.4542429, 37.4542374, 37.4542371, 37.4542453, 37.4542451, 37.4542413, 37.454234, 37.454193, 37.4541621, 37.4541527, 37.4541413, 37.4541281, 37.4541134, 37.4540978, 37.4540815, 37.454065, 37.4539556, 37.4538319, 37.4538036, 37.4537766, 
37.4537247, 37.4536955, 37.453665, 37.4536338, 37.4536029, 37.4535732, 37.4535454, 37.4535203, 37.4534986, 37.4534808, 37.4534676, 37.4534591, 37.4534557, 37.4534621, 37.4534878, 37.4535323, 37.4535454, 37.4535621, 37.4535821, 37.4536185, 37.4536306, 37.4536409, 37.453649, 37.4536548, 37.4536581, 37.4536634, 37.4536519, 37.4536008, 37.453592, 37.453593, 37.4535968, 37.4536033, 37.4536121, 37.453623, 37.4536358, 37.45365, 37.4538062, 37.4538515, 37.4538986, 37.4539465, 37.4541086, 37.4544608, 37.4545209, 
37.4545776, 37.4546291, 37.454674, 37.454711, 37.4547391, 37.4547573, 37.4547653, 37.4547627, 37.4547496, 37.4547264, 37.4546763, 37.4546639, 37.454657, 37.4546558, 37.4546699, 37.4547238, 37.4547333, 37.4547276, 37.4547068, 37.4546712, 37.4546654, 37.4546579, 37.4546488, 37.4546386, 37.4546274, 37.4546157, 37.4545115, 37.4544075, 37.4543059, 37.4541717, 37.4541325, 37.4540924, 37.4540524, 37.4540137, 37.4539771, 37.4539438, 37.4539144, 37.4538898, 37.4538707, 37.4538037, 37.4537779, 37.4537645, 
37.4537636, 37.4537755, 37.4538678, 37.4540051, 37.4540684, 37.4540771, 37.4540806, 37.4540789, 37.4540719, 37.4540598, 37.454043, 37.4540219, 37.453997, 37.4539689, 37.4539383, 37.4539061, 37.4538535, 37.4537959, 37.4537383, 37.4536818, 37.4533599, 37.4533293, 37.453298, 37.4532667, 37.4532363, 37.4532077, 37.4531816, 37.4531587, 37.453127, 37.4531021, 37.4530845, 37.4530747, 37.4530728, 37.453079, 37.453093, 37.4531274, 37.4531689, 37.4531895, 37.4532033, 37.4532098, 37.4532088, 37.4532005, 37.4531849, 
37.4531625, 37.4531339, 37.4531158, 37.4530952, 37.4530725, 37.4530484, 37.4530235, 37.4529984, 37.4529739, 37.4529505, 37.4529289, 37.4528729, 37.4528319, 37.4527986, 37.4527636, 37.4527275, 37.452668, 37.4526095, 37.4525534, 37.4525012, 37.452454, 37.4524034, 37.4523591, 37.4523426, 37.452331, 37.4523245, 37.4523234, 37.4523275, 37.4523369, 37.4523513, 37.4523702, 37.4523932, 37.4524198, 37.4524491, 37.4526268, 37.4527244, 37.4528155, 37.4528978, 37.4529696, 37.4530291, 37.4530427, 37.4530516, 
37.4530556, 37.4530547, 37.4530488, 37.4530381, 37.4530229, 37.4530036, 37.4529807, 37.4529547, 37.4529264, 37.4526732, 37.4524139, 37.4518022, 37.4515699, 37.4513407, 37.4512774, 37.451217, 37.4510221, 37.4508738, 37.4506831, 37.45065, 37.4506201, 37.4505939, 37.4505724, 37.450556, 37.4505453, 37.4505405, 37.4505417, 37.4505489, 37.450562, 37.4505806, 37.4506041, 37.4506319, 37.4508016, 37.450927, 37.4509659, 37.450998, 37.4510225, 37.4510388, 37.4510465, 37.4510455, 37.4510263, 37.4509893, 37.4509358, 
37.4508672, 37.4507856, 37.4506932, 37.4505928, 37.4504872, 37.450258, 37.4501383, 37.4499478, 37.4498698, 37.4497853, 37.4497008, 37.4496182, 37.4495398, 37.4494673, 37.4493406, 37.4492704, 37.4491944, 37.4491148, 37.4490338, 37.4489541, 37.4488779, 37.4488075, 37.448726, 37.448639, 37.448346, 37.4482993, 37.4482578, 37.4482226, 37.4480827, 37.4479276, 37.4477586, 37.4475925, 37.4474118, 37.4472887, 37.4471734, 37.44715, 37.4471302, 37.4471145, 37.4471034, 37.4470972, 37.447096, 37.4471, 37.447109, 
37.4471227, 37.4471407, 37.4471626, 37.4471878, 37.4472154, 37.4474166, 37.4474439, 37.4474685, 37.4474898, 37.4475074, 37.4475207, 37.4475295, 37.4475335, 37.4475326, 37.4475269, 37.447482, 37.4474242, 37.4473854, 37.4473362, 37.4472827, 37.4472168, 37.4469958, 37.4469758, 37.4469604, 37.44695, 37.4469449, 37.4469452, 37.4469834, 37.4470623, 37.4470642, 37.447063, 37.44706, 37.4470384, 37.4469777, 37.4469079, 37.4468311, 37.4467493, 37.4466918, 37.4466297, 37.4465255, 37.4464876, 37.4464525, 37.446421, 
37.446394, 37.4463109, 37.4462438, 37.4461769, 37.4461532, 37.4461232, 37.4460876, 37.4460475, 37.4458693, 37.445785, 37.4456728, 37.4456506, 37.4456304, 37.445613, 37.4455985, 37.4455645, 37.4455357, 37.4455016, 37.4453705, 37.4453514, 37.4453302, 37.4452727, 37.4452401, 37.445135, 37.4450415, 37.4449887, 37.4449462, 37.4449149, 37.4448896, 37.4448804, 37.4448678, 37.4448521, 37.4447951, 37.4447608, 37.4447161, 37.4446977, 37.4446769, 37.444461, 37.4443824, 37.4442978, 37.4442087, 37.4439715, 37.4439149, 
37.4438572, 37.4438, 37.4436728, 37.4435975, 37.4435209, 37.4434448, 37.4433711, 37.4432726, 37.443182, 37.4431014, 37.4430326, 37.442869, 37.4428226, 37.4427691, 37.4427098, 37.4426463, 37.44258, 37.4418969, 37.4418661, 37.4418367, 37.4418093, 37.4417846, 37.4417635, 37.4417463, 37.4417337, 37.4417258, 37.441723, 37.4417253, 37.4417326, 37.4418181, 37.4418208, 37.4418189, 37.4418126, 37.4418021, 37.4417874, 37.4417692, 37.4417478, 37.4417237, 37.4415435, 37.441524, 37.441507, 37.4414931, 37.4414478, 
37.4412919, 37.4410402, 37.4410018, 37.4409773, 37.4409672, 37.4409719, 37.4410778, 37.4410949, 37.4410875, 37.441084, 37.4410775, 37.4410683, 37.4410565, 37.4410423, 37.4410263, 37.4410088, 37.4409902, 37.4409711, 37.440916, 37.4408622, 37.4408113, 37.4407648, 37.440724, 37.44069, 37.4405297, 37.4405117, 37.4404904, 37.4404665, 37.4404406, 37.4404134, 37.4403856, 37.4403581, 37.4403314, 37.4402149, 37.4400231, 37.4398259, 37.4396363, 37.4394616, 37.4394363, 37.4393295, 37.4393047, 37.4392842, 37.4392686, 
37.4392581, 37.4392429, 37.4392426, 37.4392572, 37.4393251, 37.4393456, 37.4393772, 37.4394192, 37.4395463, 37.4396081, 37.4396383, 37.4396566, 37.4396623, 37.4396553, 37.4396359, 37.4396046, 37.4395623, 37.4395102, 37.439323, 37.4391173, 37.4388977, 37.4386695, 37.4382209, 37.4380068, 37.4378005, 37.4376065, 37.4374293, 37.4372728, 37.4371222, 37.4370871, 37.4370482, 37.4370064, 37.4369627, 37.4369182, 37.4367735, 37.4366301, 37.4363906, 37.4361491, 37.435975, 37.4358019, 37.4356334, 37.4354745, 
37.4350989, 37.4349021, 37.4347154, 37.4345524, 37.4343824, 37.4341863, 37.4340062, 37.4338445, 37.4337033, 37.4336804, 37.4336634, 37.4336529, 37.4336489, 37.4336516, 37.4336772, 37.4336672, 37.4336181, 37.4335051, 37.4334882, 37.433481, 37.4334836, 37.4335063, 37.4335036, 37.4334924, 37.4334731, 37.4334461, 37.4334122, 37.4333723, 37.4333274, 37.4332789, 37.4331073, 37.4329323, 37.4327883, 37.4326456, 37.4325489, 37.4324571, 37.4323724, 37.4322966, 37.4321698, 37.4320599, 37.4319785, 37.431916, 
37.4318043, 37.4317936, 37.4317894, 37.4317948, 37.4317793, 37.4317456, 37.4316947, 37.431628, 37.4315473, 37.4314547, 37.4313528, 37.4312442, 37.4311319, 37.4310189, 37.4309083, 37.4306848, 37.4304566, 37.4303562, 37.4302594, 37.4298898, 37.4295155, 37.4292556, 37.4289907, 37.4289122, 37.428755, 37.428648, 37.4285423, 37.428499, 37.4283679, 37.4285577, 37.4287069, 37.4288601, 37.4344205, 37.4343449, 37.434265, 37.4342226, 37.4341793, 37.4341423, 37.434112, 37.4340891, 37.433392, 37.4328055, 37.4320167, 
37.4336567, 37.4357305, 37.4357132, 37.4395449, 37.4394181, 37.4397869, 37.4399181, 37.440735, 37.4407381, 37.4407369, 37.440899, 37.4409059, 37.440917, 37.4409784, 37.4410301, 37.4410805, 37.4410951, 37.4411712, 37.4396821, 37.4413353, 37.4423737, 37.4423781, 37.4423925, 37.4423999, 37.4424168, 37.4424259, 37.4424387, 37.4434036, 37.4416976, 37.4416849, 37.4416677, 37.4416493, 37.4416302, 37.4416186, 37.4411906, 37.4411368, 37.4412452, 37.4412651, 37.4412823, 37.4412964, 37.4413069, 37.4413135, 
37.441316, 37.4413143, 37.4413085, 37.4412988, 37.4412836, 37.4404041, 37.4374209, 37.4374055, 37.4373883, 37.4373699, 37.4373508, 37.4373317, 37.4373131, 37.4372957, 37.4372798, 37.437266, 37.4372547, 37.437155, 37.4369231, 37.4370383, 37.4370491, 37.4370559, 37.4370585, 37.4370568, 37.4370508, 37.4370408, 37.437027, 37.4370149, 37.4278728, 37.4278512, 37.4278112, 37.4277677, 37.4277218, 37.4276746, 37.4276273, 37.427581, 37.4275369, 37.4275031, 37.4192513, 37.4191032, 37.418118, 37.415962, 37.4159437, 
37.4140654, 37.4097589, 37.4095275, 37.4066985, 37.4063341, 37.40608, 37.405963, 37.4058786, 37.4057866, 37.4056466, 37.4055496, 37.4054866, 37.4054299, 37.4053752, 37.4053406, 37.4053073, 37.4052344, 37.4052136, 37.4051693, 37.405138, 37.4050639, 37.4047426, 37.4046085, 37.4040591, 37.4040149, 37.4035373, 37.4033406, 37.402929, 37.4024709, 37.4024168, 37.4017361, 37.400932, 37.4006871, 37.4003188, 37.3997752, 37.3993812, 37.3986695, 37.3985584, 37.3981608, 37.3979611, 37.3968322, 37.3966221, 37.395183, 
37.3943029, 37.3963564, 37.3964822, 37.3987391, 37.4002636, 37.3901707, 37.3901036, 37.3904771, 37.388734, 37.387729, 37.3856629, 37.3850493, 37.3845874, 37.3839273, 37.3838892, 37.3839392, 37.3839801, 37.3840366, 37.3840989, 37.3845395, 37.3845745, 37.3846031, 37.3846252, 37.3846404, 37.3846484, 37.3846625, 37.3841488, 37.3837577, 37.3821102, 37.3815358, 37.3806208, 37.3798689, 37.3794499, 37.3790545, 37.3784708, 37.3784966, 37.3785458, 37.37857, 37.378601, 37.3788294, 37.3788672, 37.3789946, 37.3790267, 
37.3791981, 37.3792264, 37.3792535, 37.3796625, 37.3796628, 37.3798478, 37.3792846, 37.3747426, 37.3729485, 37.3732568, 37.3734144, 37.3735808, 37.3725678, 37.3727704, 37.3726573, 37.3725988, 37.3725898, 37.3724826, 37.3721614, 37.3720096, 37.3717335, 37.3713646, 37.3712571, 37.3713192, 37.3712502, 37.3709017, 37.3706985, 37.3705278, 37.3703705, 37.370227, 37.3700928, 37.36978, 37.3696959, 37.3695669, 37.3693771, 37.3691921, 37.3691068, 37.3689097, 37.3687862, 37.3687102, 37.3686581, 37.3686304, 
37.3683192, 37.3680976, 37.3680614, 37.3680233, 37.3679841, 37.3679407, 37.3679006, 37.3678649, 37.3678343, 37.3677522, 37.3674886, 37.3672157, 37.3671557, 37.3670951, 37.3670356, 37.3669786, 37.3669257, 37.3668783, 37.3668221, 37.3667625, 37.3667276, 37.3666913, 37.3666542, 37.3665662, 37.3664623, 37.3663865, 37.3663278, 37.3662947, 37.3662167, 37.3661706, 37.3661234, 37.3660484, 37.3659748, 37.3659109, 37.3658166, 37.3657814, 37.3657498, 37.3657097, 37.3657026, 37.3656858, 37.3656766, 37.3656575, 
37.3656482, 37.3656269, 37.365614, 37.3656008, 37.3655792, 37.3655711, 37.3655572, 37.3655347, 37.3655264, 37.3655098, 37.3654905, 37.3654805, 37.3654545, 37.3654383, 37.3654222, 37.3654003, 37.3653794, 37.3653677, 37.3653555, 37.3653297, 37.3653029, 37.3652482, 37.3651958, 37.3651633, 37.3651339, 37.3651083, 37.3650753, 37.3650379, 37.3649806, 37.3649187, 37.3647838, 37.3647635, 37.3647425, 37.3647211, 37.3646998, 37.364435, 37.3643655, 37.3643333, 37.3643017, 37.3642713, 37.3642429, 37.3641039, 
37.3640739, 37.3640435, 37.3640135, 37.3639886, 37.3639656, 37.3639452, 37.3639372, 37.3639278, 37.3639173, 37.3639059, 37.3638939, 37.3638818, 37.3638697, 37.3638408, 37.363823, 37.3638052, 37.3637877, 37.3637377, 37.3637243, 37.3637108, 37.3636975, 37.3636848, 37.3636731, 37.3636626, 37.3636536, 37.3635635, 37.3635522, 37.363539, 37.3635243, 37.3635084, 37.3634917, 37.3634753, 37.3634562, 37.3634383, 37.363422, 37.363407, 37.3633794, 37.3633634, 37.3633458, 37.363327, 37.3633075, 37.3632755, 37.3632439, 
37.3632136, 37.3629716, 37.3629481, 37.3629237, 37.362899, 37.3626656, 37.3625932, 37.3625219, 37.3623525, 37.3621819, 37.3618289, 37.3614735, 37.3613016, 37.3611327, 37.360864, 37.3605937, 37.3604965, 37.3604007, 37.3603085, 37.3601739, 37.3600429, 37.3592662, 37.3589601, 37.3585239, 37.3583199, 37.358123, 37.3579848, 37.3578574, 37.3575158, 37.3574805, 37.3574393, 37.3573933, 37.3573434, 37.3572907, 37.3570937, 37.3569559, 37.3568264, 37.3566547, 37.3564711, 37.3559436, 37.3558589, 37.35578, 37.3557085, 
37.355646, 37.3555647, 37.3554992, 37.3554253, 37.3553887, 37.3553419, 37.3552862, 37.355223, 37.3550441, 37.3548595, 37.3547631, 37.3546739, 37.3545937, 37.3544527, 37.3543709, 37.3542804, 37.3541091, 37.3539267, 37.3537355, 37.3532719, 37.3530032, 37.3525678, 37.3522723, 37.3522096, 37.3521538, 37.3521059, 37.3520668, 37.3520133, 37.3519491, 37.3518722, 37.3517816, 37.3517315, 37.3516759, 37.3516164, 37.3514963, 37.3514375, 37.351379, 37.3512151, 37.3510641, 37.3509622, 37.3508566, 37.3507487, 
37.3505059, 37.3502638, 37.35018, 37.3500957, 37.3497187, 37.349341, 37.3488297, 37.3486871, 37.3485431, 37.348372, 37.3482055, 37.3469801, 37.3467866, 37.346609, 37.3462126, 37.3460871, 37.3458968, 37.3458258, 37.3454275, 37.3452352, 37.3450913, 37.3449351, 37.3444982, 37.3444312, 37.3443709, 37.3443186, 37.3442756, 37.3440792, 37.3437853, 37.3437424, 37.3436889, 37.3436398, 37.3435855, 37.3435395, 37.3429605, 37.3426298, 37.3424353, 37.341573, 37.3414997, 37.3414347, 37.3413795, 37.3413156, 37.34124, 
37.3411374, 37.3410176, 37.3408351, 37.3406844, 37.3405543, 37.3404045, 37.3399592, 37.3397025, 37.3394559, 37.3394112, 37.3393744, 37.339346, 37.3391816, 37.3391521, 37.3391124, 37.3390636, 37.3390068, 37.3389436, 37.3388761, 37.3388056, 37.3387431, 37.3386809, 37.3386204, 37.3385842, 37.3380196, 37.3379779, 37.3379346, 37.3378909, 37.337848, 37.3378072, 37.3377697, 37.3375733, 37.3373942, 37.3372941, 37.3371815, 37.3370587, 37.3361771, 37.3361353, 37.3360974, 37.3360643, 37.336037, 37.336016, 37.3359879, 
37.3359594, 37.3359209, 37.3358736, 37.3358187, 37.3357576, 37.3356918, 37.3351041, 37.3347678, 37.3345662, 37.3343551, 37.3341362, 37.3337534, 37.3333869, 37.3330403, 37.3327874, 37.3325585, 37.3323571, 37.3321861, 37.3321202, 37.3320349, 37.3319326, 37.3318162, 37.3316891, 37.3314306, 37.3311759, 37.3309799, 37.3307986, 37.3306354, 37.3304931, 37.3303744, 37.3301702, 37.3299529, 37.3298324, 37.3296861, 37.3295167, 37.3293269, 37.3290943, 37.3288694, 37.328708, 37.3286181, 37.3285008, 37.3283229, 
37.328131, 37.3278532, 37.3276616, 37.3273957, 37.3272822, 37.326953, 37.3267888, 37.3266881, 37.3250653, 37.3251612, 37.3251835, 37.3252033, 37.3258783, 37.3259398, 37.326, 37.326047, 37.3260925, 37.3261367, 37.3261789, 37.3262093, 37.3262385, 37.326278, 37.3260001, 37.3268467, 37.3253066, 37.3238525, 37.3234041, 37.3234137, 37.3221289, 37.3212993, 37.3208932, 37.3206039, 37.3203842, 37.3200175, 37.3199524, 37.3197338, 37.319246, 37.3185059, 37.3179112, 37.3177422, 37.3175131, 37.3171035, 37.3168869, 
37.316589, 37.316232, 37.3159502, 37.3157027, 37.3153257, 37.3151421, 37.3149416, 37.3146196, 37.3143351, 37.314029, 37.3137257, 37.313533, 37.3132036, 37.3130358, 37.3129242, 37.3125025, 37.3124997, 37.3124991, 37.3125059, 37.3125198, 37.3125405, 37.3129478, 37.3129893, 37.313024, 37.3130516, 37.313072, 37.3130853, 37.3130913, 37.3130901, 37.3130816, 37.3130659, 37.313043, 37.313013, 37.312976, 37.3129321, 37.3128815, 37.3128241, 37.3127444, 37.3127924, 37.3128072, 37.3128343, 37.3128466, 37.3128683, 
37.3128909, 37.3128966, 37.3128977, 37.3128968, 37.3128912, 37.3128848, 37.3128764, 37.3128658, 37.3128459, 37.312832, 37.3127863, 37.3127385, 37.3126888, 37.3126371, 37.3125625, 37.3125101, 37.3124612, 37.3124158, 37.3123944, 37.3123545, 37.3123183, 37.3122857, 37.3122708, 37.3122439, 37.3122172, 37.3121788, 37.3121429, 37.3120975, 37.3120722, 37.3120526, 37.3120188, 37.3119949, 37.3119588, 37.3119357, 37.3119032, 37.3118671, 37.3118357, 37.3118023, 37.3117579, 37.3117205, 37.3116817, 37.3116517, 
37.3116107, 37.3115688, 37.3115262, 37.311483, 37.3114504, 37.3114069, 37.3113669, 37.3113469, 37.3112972, 37.3112482, 37.311191, 37.3111449, 37.3110921, 37.3110426, 37.3110117, 37.3109826, 37.3109556, 37.310932, 37.3106291, 37.3105903, 37.3105346, 37.3104901, 37.3104593, 37.3104276, 37.3103782, 37.3103268, 37.3102914, 37.3102368, 37.3101994, 37.3101229, 37.3100442, 37.3099635, 37.3098813, 37.3098394, 37.3089992, 37.3089374, 37.3088875, 37.3088203, 37.3087536, 37.3086546, 37.3085573, 37.3084935, 
37.3083476, 37.3081895, 37.3081115, 37.3079575, 37.3078816, 37.3073981, 37.3072933, 37.3072328, 37.3071097, 37.306809, 37.3067053, 37.3066005, 37.3064947, 37.3063879, 37.3062802, 37.3061715, 37.306062, 37.3060017, 37.3059366, 37.3058735, 37.3058259, 37.3057906, 37.3057686, 37.3057479, 37.3057286, 37.3057027, 37.3056786, 37.305661, 37.3056462, 37.3056344, 37.3056257, 37.3056203, 37.3056181, 37.3056192, 37.3056237, 37.3056554, 37.3056647, 37.305671, 37.305675, 37.3056767, 37.3056743, 37.3056656, 37.3056505, 
37.3056384, 37.3056242, 37.3055957, 37.3055757, 37.3055559, 37.3055173, 37.3054857, 37.3054633, 37.305428, 37.3053906, 37.3053512, 37.305324, 37.3052815, 37.3052523, 37.3052309, 37.305213, 37.3051881, 37.3051729, 37.3051529, 37.3051415, 37.3051278, 37.3051183, 37.3050943, 37.3050748, 37.3050616, 37.3050547, 37.3050537, 37.3050574, 37.3050634, 37.3050723, 37.3050777, 37.3050876, 37.3050915, 37.305093, 37.3050895, 37.305084, 37.3050737, 37.3050596, 37.305047, 37.3050245, 37.304998, 37.3049783, 37.304946, 
37.3049227, 37.3048981, 37.3048724, 37.3048457, 37.3047829, 37.3047518, 37.3047201, 37.3046796, 37.3046469, 37.3046139, 37.304581, 37.3045481, 37.3044994, 37.3044065, 37.3043118, 37.3042654, 37.3041971, 37.3041525, 37.3040652, 37.3039676, 37.3038673, 37.3037645, 37.3036596, 37.3035528, 37.3034443, 37.3033346, 37.3032386, 37.3030842, 37.3029315, 37.3027806, 37.3023415, 37.3022355, 37.3021761, 37.3021161, 37.3019948, 37.3018716, 37.3017467, 37.3016836, 37.3016581, 37.3016263, 37.3015938, 37.3015607, 
37.3015272, 37.3014933, 37.3014594, 37.301417, 37.3013834, 37.3013541, 37.3013165, 37.3012924, 37.3012634, 37.3012366, 37.3012126, 37.3011926, 37.3011773, 37.3011481, 37.3011228, 37.3010949, 37.3010643, 37.301034, 37.3009965, 37.3009745, 37.3009464, 37.3009296, 37.3009242, 37.3009199, 37.3009084, 37.3008937, 37.3008855, 37.3008677, 37.3008584, 37.3008491, 37.3008308, 37.3008221, 37.3008063, 37.3007076, 37.3006151, 37.3005679, 37.3004719, 37.300423, 37.3003237, 37.3002373, 37.3001669, 37.3000954, 
37.3000228, 37.2999493, 37.2998749, 37.299762, 37.2995924, 37.2995293, 37.2994357, 37.2993741, 37.2992832, 37.2992237, 37.2991362, 37.299051, 37.2989685, 37.2988888, 37.2988629, 37.2987204, 37.2986026, 37.2984866, 37.2983725, 37.2982132, 37.2981834, 37.298137, 37.2980888, 37.2980389, 37.2979873, 37.2979522, 37.2978983, 37.2978432, 37.297787, 37.2977362, 37.2977071, 37.2970881, 37.2961645, 37.2953804, 37.2943418, 37.2942693, 37.2942133, 37.294122, 37.2939826, 37.2936397, 37.2937552, 37.2938606, 37.2934464, 
37.2930655, 37.2931546, 37.2932887, 37.2932551, 37.2931797, 37.2930964, 37.2930447, 37.2921749, 37.2921378, 37.292042, 37.2919399, 37.2918232, 37.2916413, 37.2915889, 37.2914761, 37.2913577, 37.2900047, 37.2899078, 37.2898057, 37.2896987, 37.2895871, 37.2894712, 37.289353, 37.2892276, 37.2891005, 37.2889727, 37.2888376, 37.2887027, 37.2885673, 37.2884269, 37.2882946, 37.2876789, 37.2883851, 37.2944158, 37.293675, 37.3016468, 37.3095135, 37.3312005, 37.3310406, 37.3278469, 37.3278002, 37.3235511, 
37.3234355, 37.3308781, 37.3307787, 37.3381949, 37.3380889, 37.3461336, 37.3527896, 37.3534922, 37.3543865, 37.355572, 37.3568799, 37.3588465, 37.3590073, 37.3590799, 37.3592475, 37.3592985, 37.3592799, 37.3593146, 37.3593721, 37.35936, 37.3594239, 37.359526, 37.3595939, 37.3579285, 37.3582802, 37.3582996, 37.358313, 37.3583194, 37.3583191, 37.3583098, 37.3582895, 37.3582859, 37.3582885, 37.3583328, 37.3583609, 37.3583736, 37.3586998, 37.3592559, 37.3593874, 37.3595668, 37.3598535, 37.3602254, 37.3602724, 
37.360362, 37.3604558, 37.3605534, 37.3606187, 37.3606332, 37.3609893, 37.3611982, 37.3612479, 37.3609886, 37.3610184, 37.3608759, 37.360855, 37.3608411, 37.3608364, 37.3608346, 37.3608355, 37.3608438, 37.3608519, 37.360864, 37.3608688, 37.3608663, 37.3608592, 37.360822, 37.3608177, 37.3608144, 37.360877, 37.3609265, 37.3609801, 37.3610224, 37.3611946, 37.3612288, 37.3612655, 37.3613021, 37.3613373, 37.3613554, 37.3614558, 37.3614971, 37.3615442, 37.3615931, 37.3617612, 37.3618194, 37.361884, 37.361947, 
37.3620016, 37.3620513, 37.3620872, 37.362118, 37.362143, 37.3621616, 37.3621713, 37.3622018, 37.362232, 37.3622692, 37.3623019, 37.3623203, 37.3623368, 37.3623519, 37.3623742, 37.3624034, 37.362448, 37.3624716, 37.3625036, 37.3625412, 37.3625839, 37.3626308, 37.3626799, 37.3626976, 37.3627387, 37.3627812, 37.3628238, 37.3628653, 37.3629044, 37.3629398, 37.3629706, 37.3629884, 37.3630007, 37.3630147, 37.3630268, 37.3630373, 37.3630405, 37.3630364, 37.3629913, 37.3629421, 37.3629167, 37.3628791, 37.3628749, 
37.3628781, 37.3628886, 37.3629063, 37.3629287, 37.3629502, 37.3629816, 37.3630191, 37.3630621, 37.3631101, 37.3631521, 37.363195, 37.363241, 37.363289, 37.3633381, 37.3633755, 37.3637141, 37.3637591, 37.3638126, 37.3638652, 37.363916, 37.363964, 37.3640084, 37.3640342, 37.3642214, 37.3642324, 37.3642961, 37.364357, 37.3647287, 37.364926, 37.3651813, 37.3664327, 37.3669905, 37.3700795, 37.3705277, 37.3765379, 37.3766799, 37.3774977, 37.3781463, 37.378708, 37.3792548, 37.3797354, 37.3856391, 37.3857744, 
37.3902799, 37.3915643, 37.3925591, 37.3992093, 37.3981634, 37.3957762, 37.3957141, 37.3934633, 37.3920906, 37.3919769, 37.3918819, 37.3921481, 37.3924542, 37.392534, 37.3926971, 37.3926592, 37.3930683, 37.3930418, 37.3932515, 37.3933267, 37.3934516, 37.3938565, 37.3942585, 37.3945309, 37.394625, 37.3947085, 37.3947938, 37.3948574, 37.3949198, 37.3949646, 37.3953653, 37.3948456, 37.3940222, 37.394012, 37.392476, 37.3925035, 37.3910825, 37.3910767, 37.3896712, 37.3896457, 37.3891671, 37.3891168, 37.3885887, 
37.3885401, 37.3895231, 37.3895718, 37.3909511, 37.3919573, 37.3916388, 37.3921246, 37.3921223, 37.3921273, 37.3916111, 37.3914504, 37.3910498, 37.3909878, 37.3909809, 37.3913144, 37.3927232, 37.3937435, 37.3937397, 37.3936871, 37.393709, 37.3937581, 37.3937879, 37.3892824, 37.3891547, 37.3889444, 37.3887375, 37.3886135, 37.3883681, 37.3883876, 37.3888311, 37.3891856, 37.3893971, 37.3894447, 37.3896656, 37.3895901, 37.3896572, 37.3898268, 37.3898269, 37.3901574, 37.3905673, 37.390834, 37.3908342, 
37.3909868, 37.3913698, 37.391754, 37.3918427, 37.3917337, 37.3915873, 37.3917888, 37.3918267, 37.3917207, 37.3917809, 37.3920619, 37.3922175, 37.3923999, 37.3924073, 37.392689, 37.392861, 37.393498, 37.3936767, 37.3937321, 37.3937243, 37.3938395, 37.3939447, 37.3940479, 37.3942649, 37.3945029, 37.3945965, 37.3946591, 37.3946181, 37.3945214, 37.3945231, 37.3944263, 37.3945081, 37.3946085, 37.394835, 37.3948346, 37.3951386, 37.3951875, 37.3953632, 37.3953926, 37.3951591, 37.3951272, 37.3952761, 37.3953936, 
37.3955687, 37.3956895, 37.3958498, 37.396003, 37.3961508, 37.3962956, 37.3960706, 37.3958881, 37.3959243, 37.3957998, 37.395772, 37.395958, 37.3961345, 37.3963618, 37.3964558, 37.3966102, 37.3966052, 37.396799, 37.3969133, 37.3971484, 37.3971214, 37.3969042, 37.39683, 37.3969245, 37.3970227, 37.3971331, 37.3974194, 37.3975724, 37.3977963, 37.3979898, 37.3981506, 37.3982518, 37.3984009, 37.3984966, 37.3987505, 37.3988413, 37.3989767, 37.3990397, 37.3992021, 37.399362, 37.3997109, 37.3999244, 37.4000413, 
37.4001392, 37.4003252, 37.4004349, 37.4005028, 37.4008284, 37.4009947, 37.4010821, 37.4012971, 37.4015266, 37.4016808, 37.4022342, 37.4023927, 37.4024745, 37.4028423, 37.4033402, 37.4032695, 37.4034326, 37.4034636, 37.4035751, 37.4038449, 37.4039816, 37.4040599, 37.404265, 37.4043267, 37.4043552, 37.4044079, 37.4044904, 37.4047886, 37.4049377, 37.4049618, 37.4054141, 37.4053729, 37.405512, 37.4055203, 37.4056366, 37.4059421, 37.4060776, 37.4065678, 37.4064733, 37.4062678, 37.4060666, 37.4058319, 
37.4056777, 37.4055803, 37.4050172, 37.4043336, 37.404937, 37.4050918, 37.405716, 37.4054678, 37.4058331, 37.4061226, 37.4059999, 37.4063499, 37.4064582, 37.4065435, 37.4068039, 37.4068211, 37.4072319, 37.4073475, 37.4074699, 37.4075048, 37.4074265, 37.4078446, 37.4081432, 37.4090714, 37.409101, 37.4091228, 37.4086947, 37.408978, 37.4089886, 37.4090001, 37.409013, 37.4090268, 37.4090411, 37.4090554, 37.4090693, 37.4090823, 37.4090935, 37.4088898, 37.4087911, 37.408865, 37.4090575, 37.4091822, 37.4095198, 
37.4096285, 37.4100501, 37.4101204, 37.4105803, 37.4106769, 37.4106862, 37.4107077, 37.4107585, 37.4108308, 37.4108722, 37.410922, 37.4109754, 37.4110343, 37.4110626, 37.4111662, 37.4112154, 37.4112683, 37.4117345, 37.4117807, 37.4118272, 37.4118763, 37.4121194, 37.4121751, 37.4122288, 37.4122517, 37.4122799, 37.412319, 37.4126081, 37.4128162, 37.4096698, 37.4095774, 37.4095075, 37.4091506, 37.4083806, 37.4084887, 37.4081692, 37.4090865, 37.4106251, 37.4107509, 37.4118907, 37.4133489, 37.41314, 37.4120521, 
37.4144252, 37.4145176, 37.4154533, 37.4157502, 37.4182046, 37.4181917, 37.419296, 37.4193163, 37.4194668, 37.4207027, 37.4207015, 37.4218047, 37.421655, 37.4245459, 37.4249446, 37.4251805, 37.4254675, 37.4258474, 37.4264407, 37.4265538, 37.4269689, 37.4273727, 37.4275873, 37.4276753, 37.4279843, 37.4282277)))
