x,y,temperature,percent_im,geometry,distance,lon,lat,miles
-122.14743717948718,37.39706756410256,94.59630572556125,0.01,"c(-122.147437179487, 37.3970675641026)",4265.342988926342,-122.125982,37.4314785,2.6509278986490625
-122.14465303418804,37.39706756410256,93.62774269197325,0.83,"c(-122.144653034188, 37.3970675641026)",4161.445776952788,-122.125982,37.4314785,2.586355361686009
-122.1418688888889,37.39706756410256,93.23608478214373,0.83,"c(-122.141868888889, 37.3970675641026)",4069.8410853385863,-122.125982,37.4314785,2.529422675785324
-122.13908474358975,37.39706756410256,93.54398867921736,0.83,"c(-122.13908474359, 37.3970675641026)",3991.375368217198,-122.125982,37.4314785,2.48065591561044
-122.15022132478633,37.39939179487178,94.24393408960168,0.01,"c(-122.150221324786, 37.3993917948718)",4157.673164906673,-122.125982,37.4314785,2.58401066805884
-122.14743717948718,37.39939179487178,93.1796894521467,0.01,"c(-122.147437179487, 37.3993917948718)",4035.9957533021075,-122.125982,37.4314785,2.5083876651970836
-122.14465303418804,37.39939179487178,92.46257460769357,0.83,"c(-122.144653034188, 37.3993917948718)",3926.037303138351,-122.125982,37.4314785,2.4400480442127725
-122.1418688888889,37.39939179487178,93.174128820232,0.83,"c(-122.141868888889, 37.3993917948718)",3828.807608357666,-122.125982,37.4314785,2.3796193961203644
-122.13908474358975,37.39939179487178,94.05041423605144,0.83,"c(-122.13908474359, 37.3993917948718)",3745.2981336451476,-122.125982,37.4314785,2.3277179202269407
-122.1363005982906,37.39939179487178,94.50832828037164,0.8,"c(-122.136300598291, 37.3993917948718)",3676.443951754678,-122.125982,37.4314785,2.2849247680265243
-122.13351645299146,37.39939179487178,95.9686844337266,0.67,"c(-122.133516452991, 37.3993917948718)",3623.080700699874,-122.125982,37.4314785,2.251759291920369
-122.15022132478633,37.401716025641015,92.75523839430662,0.01,"c(-122.150221324786, 37.401716025641)",3938.9601646126484,-122.125982,37.4314785,2.448079654824517
-122.14743717948718,37.401716025641015,92.73469579392167,0.83,"c(-122.147437179487, 37.401716025641)",3810.3088523701917,-122.125982,37.4314785,2.3681223445433135
-122.14465303418804,37.401716025641015,93.39394107635326,0.83,"c(-122.144653034188, 37.401716025641)",3693.6415337708036,-122.125982,37.4314785,2.29561313472393
-122.1418688888889,37.401716025641015,94.35048939365515,0.83,"c(-122.141868888889, 37.401716025641)",3590.1267202998106,-122.125982,37.4314785,2.231278259975022
-122.13908474358975,37.401716025641015,94.67815311709273,0.83,"c(-122.13908474359, 37.401716025641)",3500.9312781814065,-122.125982,37.4314785,2.1758429323688047
-122.1363005982906,37.401716025641015,94.28457999201419,0.91,"c(-122.136300598291, 37.401716025641)",3427.1734156254092,-122.125982,37.4314785,2.1300021228249904
-122.13351645299146,37.401716025641015,94.88006232310727,0.67,"c(-122.133516452991, 37.401716025641)",3369.866953888206,-122.125982,37.4314785,2.0943859253500348
-122.13073230769231,37.401716025641015,94.08274712176353,0.47,"c(-122.130732307692, 37.401716025641)",3329.861380493435,-122.125982,37.4314785,2.0695222998716187
-122.12794816239317,37.401716025641015,94.21613184694434,0.82,"c(-122.127948162393, 37.401716025641)",3307.7844851491436,-122.125982,37.4314785,2.0558014202294244
-122.15022132478633,37.40404025641025,93.38978070101712,0.83,"c(-122.150221324786, 37.4040402564102)",3725.271706750044,-122.125982,37.4314785,2.3152714150093496
-122.14743717948718,37.40404025641025,93.93252432219742,0.83,"c(-122.147437179487, 37.4040402564102)",3588.9728976146116,-122.125982,37.4314785,2.2305611545149855
-122.14465303418804,37.40404025641025,94.57762598313275,0.8,"c(-122.144653034188, 37.4040402564102)",3464.8647498744454,-122.125982,37.4314785,2.1534274393253234
-122.1418688888889,37.40404025641025,94.84797795381382,0.83,"c(-122.141868888889, 37.4040402564102)",3354.300689443125,-122.125982,37.4314785,2.0847114291131916
-122.13908474358975,37.40404025641025,94.45440482873528,0.83,"c(-122.13908474359, 37.4040402564102)",3258.6596326263343,-122.125982,37.4314785,2.025270125933085
-122.1363005982906,37.40404025641025,94.06083170365673,0.67,"c(-122.136300598291, 37.4040402564102)",3179.28863014866,-122.125982,37.4314785,1.9759407272521194
-122.13351645299146,37.40404025641025,94.16413170594024,0.67,"c(-122.133516452991, 37.4040402564102)",3117.4306557010664,-122.125982,37.4314785,1.9374957462405633
-122.13073230769231,37.40404025641025,93.92315582404262,0.47,"c(-122.130732307692, 37.4040402564102)",3074.1430837848993,-122.125982,37.4314785,1.9105923454225602
-122.12794816239317,37.40404025641025,93.55243807146326,0.47,"c(-122.127948162393, 37.4040402564102)",3050.216650249463,-122.125982,37.4314785,1.8957219703228483
-122.12516401709402,37.40404025641025,93.82869867968839,0.47,"c(-122.125164017094, 37.4040402564102)",3046.107620366784,-122.125982,37.4314785,1.893168191651202
-122.15578961538462,37.40636448717948,93.66857781292038,0.8,"c(-122.155789615385, 37.4063644871795)",3837.749714593076,-122.1260148,37.4314986,2.3851769512697802
-122.15300547008547,37.40636448717948,94.1138980242531,0.83,"c(-122.153005470085, 37.4063644871795)",3672.860143408604,-122.1260148,37.4314986,2.2826974166616556
-122.15022132478633,37.40636448717948,93.91331053376143,0.83,"c(-122.150221324786, 37.4063644871795)",3517.5219560213404,-122.1260148,37.4314986,2.1861541056689497
-122.14743717948718,37.40636448717948,93.9036429017724,0.83,"c(-122.147437179487, 37.4063644871795)",3372.8445867094015,-122.125982,37.4314785,2.0962365361773783
-122.14465303418804,37.40636448717948,95.11814549158589,0.83,"c(-122.144653034188, 37.4063644871795)",3240.4735653493285,-122.125982,37.4314785,2.0139674116527835
-122.1418688888889,37.40636448717948,94.62422966545819,0.83,"c(-122.141868888889, 37.4063644871795)",3121.9765536116665,-122.125982,37.4314785,1.9403210401564117
-122.13908474358975,37.40636448717948,94.23065654037964,0.83,"c(-122.13908474359, 37.4063644871795)",3018.987682564106,-122.125982,37.4314785,1.8763130407483566
-122.1363005982906,37.40636448717948,93.8370834153011,0.67,"c(-122.136300598291, 37.4063644871795)",2933.140979700452,-122.125982,37.4314785,1.8229589681171237
-122.13351645299146,37.40636448717948,93.26960581059393,0.47,"c(-122.133516452991, 37.4063644871795)",2865.9772748086148,-122.125982,37.4314785,1.7812164542005064
-122.13073230769231,37.40636448717948,93.30602820397985,0.47,"c(-122.130732307692, 37.4063644871795)",2818.8323516245264,-122.125982,37.4314785,1.751915693986654
-122.12794816239317,37.40636448717948,92.79762806807412,0.47,"c(-122.127948162393, 37.4063644871795)",2792.720227231766,-122.125982,37.4314785,1.7356869031894133
-122.12516401709402,37.40636448717948,93.88325018277828,0.47,"c(-122.125164017094, 37.4063644871795)",2788.2318882945337,-122.125982,37.4314785,1.7328973824080385
-122.12237987179488,37.40636448717948,93.68624130797616,0.82,"c(-122.122379871795, 37.4063644871795)",2805.4711213164996,-122.125982,37.4314785,1.7436116353738345
-122.11959572649573,37.40636448717948,93.60840812392416,0.83,"c(-122.119595726496, 37.4063644871795)",2844.0428471463388,-122.125982,37.4314785,1.7675841187982217
-122.11681158119659,37.40636448717948,94.200536150267,0.47,"c(-122.116811581197, 37.4063644871795)",2903.0968937182697,-122.125982,37.4314785,1.8042864473078122
-122.15300547008547,37.408688717948706,93.89409674532453,0.91,"c(-122.153005470085, 37.4086887179487)",3480.9655767449926,-122.1260148,37.4314986,2.1634341682691067
-122.15022132478633,37.408688717948706,93.69350925483286,0.91,"c(-122.150221324786, 37.4086887179487)",3316.6571927983778,-122.1260148,37.4314986,2.061315843877177
-122.14743717948718,37.408688717948706,94.50654508882872,0.83,"c(-122.147437179487, 37.4086887179487)",3162.991645044915,-122.125982,37.4314785,1.9658120851739682
-122.14465303418804,37.408688717948706,94.09303136724702,0.83,"c(-122.144653034188, 37.4086887179487)",3021.4452693612893,-122.125982,37.4314785,1.877840440870907
-122.1418688888889,37.408688717948706,93.09268225866253,0.83,"c(-122.141868888889, 37.4086887179487)",2893.99783749927,-122.125982,37.4314785,1.7986313471095525
-122.13908474358975,37.408688717948706,93.91376808681525,0.2,"c(-122.13908474359, 37.4086887179487)",2782.5872942967526,-122.125982,37.4314785,1.7293892444355206
-122.1363005982906,37.408688717948706,93.61333512694364,0.47,"c(-122.136300598291, 37.4086887179487)",2689.2075444460497,-122.125982,37.4314785,1.6713533526700122
-122.13351645299146,37.408688717948706,92.91811195362288,0.47,"c(-122.133516452991, 37.4086887179487)",2615.790317295945,-122.125982,37.4314785,1.625724249407051
-122.13073230769231,37.408688717948706,93.03773514141767,0.47,"c(-122.130732307692, 37.4086887179487)",2564.05096509066,-122.125982,37.4314785,1.5935680329960598
-122.12794816239317,37.408688717948706,92.28498174551078,0.47,"c(-122.127948162393, 37.4086887179487)",2535.3170058019155,-122.125982,37.4314785,1.5757097612193385
-122.12516401709402,37.408688717948706,93.37186853224739,0.82,"c(-122.125164017094, 37.4086887179487)",2530.37228272272,-122.125982,37.4314785,1.5726365958500435
-122.12237987179488,37.408688717948706,93.86854481227056,0.96,"c(-122.122379871795, 37.4086887179487)",2549.3552242438495,-122.125982,37.4314785,1.584434570692262
-122.11959572649573,37.408688717948706,93.81271807716985,0.83,"c(-122.119595726496, 37.4086887179487)",2591.7401163038908,-122.125982,37.4314785,1.6107769523330582
-122.11681158119659,37.408688717948706,93.98439765841613,0.47,"c(-122.116811581197, 37.4086887179487)",2656.4070098953384,-122.125982,37.4314785,1.6509676879399244
-122.11402743589744,37.408688717948706,93.8638801285706,0.47,"c(-122.114027435897, 37.4086887179487)",2741.7797457792476,-122.125982,37.4314785,1.7040271881785256
-122.15022132478633,37.41101294871794,93.5324040557025,0.91,"c(-122.150221324786, 37.4110129487179)",3124.1880077875057,-122.1260148,37.4314986,1.9416954678604759
-122.14743717948718,37.41101294871794,94.37675240528188,0.91,"c(-122.147437179487, 37.4110129487179)",2960.599874732964,-122.1260148,37.4314986,1.8400247823076221
-122.14465303418804,37.41101294871794,94.20135889790254,0.91,"c(-122.144653034188, 37.4110129487179)",2809.034648467641,-122.125982,37.4314785,1.7458263818941213
-122.1418688888889,37.41101294871794,93.632873627972,0.47,"c(-122.141868888889, 37.4110129487179)",2671.4772914912573,-122.125982,37.4314785,1.6603339288323538
-122.13908474358975,37.41101294871794,93.02748330001486,0.2,"c(-122.13908474359, 37.4110129487179)",2550.3684101231115,-122.125982,37.4314785,1.5850642698092676
-122.1363005982906,37.41101294871794,93.15180121537128,0.47,"c(-122.136300598291, 37.4110129487179)",2448.1503185137435,-122.125982,37.4314785,1.5215353129358258
-122.13351645299146,37.41101294871794,93.0925455507097,0.47,"c(-122.133516452991, 37.4110129487179)",2367.271379342856,-122.125982,37.4314785,1.4712687255083008
-122.13073230769231,37.41101294871794,92.09482466359623,0.47,"c(-122.130732307692, 37.4110129487179)",2309.9741193230984,-122.125982,37.4314785,1.4356582469379107
-122.12794816239317,37.41101294871794,93.1495521065035,0.47,"c(-122.127948162393, 37.4110129487179)",2278.0386141899444,-122.125982,37.4314785,1.4158102014853602
-122.12516401709402,37.41101294871794,93.14440056218882,0.96,"c(-122.125164017094, 37.4110129487179)",2272.534327786785,-122.125982,37.4314785,1.412389265249711
-122.12237987179488,37.41101294871794,94.06570280763117,0.47,"c(-122.122379871795, 37.4110129487179)",2293.651556286035,-122.125982,37.4314785,1.4255137080708733
-122.11959572649573,37.41101294871794,93.81271082813328,0.47,"c(-122.119595726496, 37.4110129487179)",2340.6698826852034,-122.125982,37.4314785,1.454735787871475
-122.11681158119659,37.41101294871794,93.6915153850423,0.47,"c(-122.116811581197, 37.4110129487179)",2412.075120086775,-122.125982,37.4314785,1.4991144313777345
-122.1112432905983,37.41101294871794,93.69582069912576,0.82,"c(-122.111243290598, 37.4110129487179)",2619.4019729071297,-122.125982,37.4314785,1.6279689079596829
-122.10845914529915,37.41101294871794,92.790776730777,0.47,"c(-122.108459145299, 37.4110129487179)",2750.4647098725627,-122.125982,37.4314785,1.7094249284478327
-122.15022132478633,37.41333717948717,93.76253682136303,0.8,"c(-122.150221324786, 37.4133371794872)",2941.7627689575397,-122.1260148,37.4314986,1.8283174449705033
-122.14743717948718,37.41333717948717,94.34473692572283,0.91,"c(-122.147437179487, 37.4133371794872)",2767.417543112439,-122.1260148,37.4314986,1.719961182792069
-122.14465303418804,37.41333717948717,93.33613375018467,0.91,"c(-122.144653034188, 37.4133371794872)",2604.7457813089213,-122.1260148,37.4314986,1.6188600256736614
-122.1418688888889,37.41333717948717,93.35022651673717,0.91,"c(-122.141868888889, 37.4133371794872)",2455.899033991959,-122.125982,37.4314785,1.5263511709086135
-122.13908474358975,37.41333717948717,92.37427318906703,0.47,"c(-122.13908474359, 37.4133371794872)",2323.585099737405,-122.125982,37.4314785,1.4441175262507178
-122.1363005982906,37.41333717948717,93.05900485111579,0.47,"c(-122.136300598291, 37.4133371794872)",2210.91032358503,-122.125982,37.4314785,1.374089697691131
-122.13351645299146,37.41333717948717,92.97753886139253,0.47,"c(-122.133516452991, 37.4133371794872)",2121.0069059880084,-122.125982,37.4314785,1.3182143604648902
-122.13073230769231,37.41333717948717,93.86638300056802,0.47,"c(-122.130732307692, 37.4133371794872)",2056.862957272099,-122.125982,37.4314785,1.2783486372107513
-122.12794816239317,37.41333717948717,93.41523192555178,0.47,"c(-122.127948162393, 37.4133371794872)",2020.9327669226404,-122.125982,37.4314785,1.256017878758633
-122.12516401709402,37.41333717948717,93.82741837453796,0.83,"c(-122.125164017094, 37.4133371794872)",2014.7263748830526,-122.125982,37.4314785,1.2521605810335938
-122.12237987179488,37.41333717948717,94.15564845248082,0.47,"c(-122.122379871795, 37.4133371794872)",2038.5152873356562,-122.125982,37.4314785,1.2669454862247709
-122.11959572649573,37.41333717948717,94.20663257758133,0.47,"c(-122.119595726496, 37.4133371794872)",2091.2761370720623,-122.125982,37.4314785,1.2997365674779753
-122.11681158119659,37.41333717948717,93.74335757104882,0.5,"c(-122.116811581197, 37.4133371794872)",2170.8975746961164,-122.125982,37.4314785,1.3492216126141183
-122.11402743589744,37.41333717948717,93.92140078655211,0.47,"c(-122.114027435897, 37.4133371794872)",2274.560566661605,-122.125982,37.4314785,1.4136485808959636
-122.1112432905983,37.41333717948717,92.33821567676932,0.47,"c(-122.111243290598, 37.4133371794872)",2399.1507572166975,-122.125982,37.4314785,1.4910818876424472
-122.10845914529915,37.41333717948717,92.69276116083893,0.47,"c(-122.108459145299, 37.4133371794872)",2541.5924206353384,-122.125982,37.4314785,1.5796099568895825
-122.15022132478633,37.415661410256405,93.54585850393414,0.83,"c(-122.150221324786, 37.4156614102564)",2771.3656442871584,-122.1260148,37.4314986,1.7224149436216025
-122.14743717948718,37.415661410256405,94.24721127593511,0.91,"c(-122.147437179487, 37.4156614102564)",2585.561827412176,-122.1260148,37.4314986,1.6069371208279528
-122.14465303418804,37.415661410256405,93.11558272584807,0.91,"c(-122.144653034188, 37.4156614102564)",2410.6550348097567,-122.1260148,37.4314986,1.4982318426412409
-122.1418688888889,37.415661410256405,93.40725356239273,0.83,"c(-122.141868888889, 37.4156614102564)",2249.1889061519437,-122.1260148,37.4314986,1.397879991393377
-122.13908474358975,37.415661410256405,93.33616918500775,0.47,"c(-122.13908474359, 37.4156614102564)",2103.995787261471,-122.125982,37.4314785,1.3076418814552337
-122.1363005982906,37.415661410256405,92.88436636938422,0.47,"c(-122.136300598291, 37.4156614102564)",1978.860986809805,-122.125982,37.4314785,1.2298700974579273
-122.13351645299146,37.415661410256405,93.12408289483574,0.47,"c(-122.133516452991, 37.4156614102564)",1877.8840956667707,-122.125982,37.4314785,1.167112551688484
-122.13073230769231,37.415661410256405,93.66929577933843,0.47,"c(-122.130732307692, 37.4156614102564)",1805.1237874650394,-122.125982,37.4314785,1.1218917262057424
-122.12794816239317,37.415661410256405,93.98576219064125,0.82,"c(-122.127948162393, 37.4156614102564)",1764.074952854001,-122.125982,37.4314785,1.0963797096668744
-122.12516401709402,37.415661410256405,93.88065282541356,0.47,"c(-122.125164017094, 37.4156614102564)",1756.961675888433,-122.125982,37.4314785,1.0919587792967267
-122.12237987179488,37.415661410256405,94.05479003842629,0.2,"c(-122.122379871795, 37.4156614102564)",1784.189889514233,-122.125982,37.4314785,1.1088812240610522
-122.11959572649573,37.415661410256405,95.53647119658308,0.47,"c(-122.119595726496, 37.4156614102564)",1844.2391745985967,-122.125982,37.4314785,1.1462020973266605
-122.11681158119659,37.415661410256405,95.15614459049539,0.47,"c(-122.116811581197, 37.4156614102564)",1934.0548193336942,-122.125982,37.4314785,1.202022883364633
-122.11402743589744,37.415661410256405,93.26289731559518,0.47,"c(-122.114027435897, 37.4156614102564)",2049.7276147650887,-122.125982,37.4314785,1.2739139930174572
-122.1112432905983,37.415661410256405,91.88502532528946,0.47,"c(-122.111243290598, 37.4156614102564)",2187.158861253494,-122.125982,37.4314785,1.3593280679014879
-122.10845914529915,37.415661410256405,92.72271082306543,0.83,"c(-122.108459145299, 37.4156614102564)",2329.8286330490882,-122.1040355,37.436355,1.4479979074264067
-122.15578961538462,37.41798564102563,93.21547912010101,0.47,"c(-122.155789615385, 37.4179856410256)",3032.33361783063,-122.1260148,37.4314986,1.8846075934310937
-122.15300547008547,37.41798564102563,92.82085807480325,0.47,"c(-122.153005470085, 37.4179856410256)",2820.7830936642977,-122.1260148,37.4314986,1.7531280880449334
-122.15022132478633,37.41798564102563,93.73118323276867,0.83,"c(-122.150221324786, 37.4179856410256)",2615.3487151602412,-122.1260148,37.4314986,1.6254497918957374
-122.14743717948718,37.41798564102563,94.31624687590829,0.83,"c(-122.147437179487, 37.4179856410256)",2417.5901414338837,-122.1260148,37.4314986,1.5025420394244149
-122.14465303418804,37.41798564102563,93.45400931139011,0.83,"c(-122.144653034188, 37.4179856410256)",2229.550814082524,-122.1260148,37.4314986,1.3856748378387347
-122.1418688888889,37.41798564102563,93.73159898539598,0.83,"c(-122.141868888889, 37.4179856410256)",2053.901926700731,-122.1260148,37.4314986,1.2765083447487453
-122.13908474358975,37.41798564102563,93.53336553548434,0.91,"c(-122.13908474359, 37.4179856410256)",1894.0937063410297,-122.1260148,37.4314986,1.1771868902057363
-122.1363005982906,37.41798564102563,93.07515697472263,0.47,"c(-122.136300598291, 37.4179856410256)",1754.063618557536,-122.125982,37.4314785,1.090157624958071
-122.13351645299146,37.41798564102563,93.27773111847273,0.02,"c(-122.133516452991, 37.4179856410256)",1639.3014016167879,-122.125982,37.4314785,1.0188324435157166
-122.13073230769231,37.41798564102563,93.56527933207326,0.02,"c(-122.130732307692, 37.4179856410256)",1555.4229580759586,-122.125982,37.4314785,0.9667016520049463
-122.12794816239317,37.41798564102563,93.85942532405807,0.47,"c(-122.127948162393, 37.4179856410256)",1507.5920063736503,-122.125982,37.4314785,0.9369745222956186
-122.12516401709402,37.41798564102563,94.13656812132103,0.47,"c(-122.125164017094, 37.4179856410256)",1499.2625930719412,-122.125982,37.4314785,0.9317977582796403
-122.12237987179488,37.41798564102563,94.83481855938226,0.47,"c(-122.122379871795, 37.4179856410256)",1531.079545432948,-122.125982,37.4314785,0.9515721227053747
-122.11959572649573,37.41798564102563,95.0006354195757,0.47,"c(-122.119595726496, 37.4179856410256)",1600.650621457966,-122.125982,37.4314785,0.9948108275065047
-122.11681158119659,37.41798564102563,94.10639986072056,0.47,"c(-122.116811581197, 37.4179856410256)",1703.3560506795927,-122.125982,37.4314785,1.0586426666747002
-122.11402743589744,37.41798564102563,94.02243468032793,0.67,"c(-122.114027435897, 37.4179856410256)",1833.6365082492414,-122.125982,37.4314785,1.1396124973581363
-122.1112432905983,37.41798564102563,92.29995880404022,0.47,"c(-122.111243290598, 37.4179856410256)",1986.0728683918578,-122.125982,37.4314785,1.2343523109955612
-122.10845914529915,37.41798564102563,92.6323658500587,0.83,"c(-122.108459145299, 37.4179856410256)",2075.8882531229892,-122.1040984,37.4363636,1.2901729354400182
-122.15300547008547,37.42030987179486,93.03934464787017,0.47,"c(-122.153005470085, 37.4203098717949)",2692.4795806594866,-122.1260148,37.4314986,1.6733869363949574
-122.15022132478633,37.42030987179486,93.76979600261802,0.47,"c(-122.150221324786, 37.4203098717949)",2476.431393924931,-122.1260148,37.4314986,1.5391121155530956
-122.14743717948718,37.42030987179486,94.01929412960271,0.83,"c(-122.147437179487, 37.4203098717949)",2266.5913617192596,-122.1260148,37.4314986,1.4086956878304908
-122.14465303418804,37.42030987179486,94.36912218818907,0.83,"c(-122.144653034188, 37.4203098717949)",2064.8530576622807,-122.1260148,37.4314986,1.2833145168814672
-122.1418688888889,37.42030987179486,93.21975669636595,0.83,"c(-122.141868888889, 37.4203098717949)",1873.8350236140343,-122.1260148,37.4314986,1.1645960370503632
-122.13908474358975,37.42030987179486,93.73056188596001,0.83,"c(-122.13908474359, 37.4203098717949)",1697.1608761847524,-122.1260148,37.4314986,1.0547923406990383
-122.1363005982906,37.42030987179486,93.96743299836817,0.96,"c(-122.136300598291, 37.4203098717949)",1539.6979362076022,-122.125982,37.4314785,0.9569284873881928
-122.13351645299146,37.42030987179486,94.41520744152513,0.47,"c(-122.133516452991, 37.4203098717949)",1407.5694222106158,-122.125982,37.4314785,0.8748100821694318
-122.13073230769231,37.42030987179486,94.27255716762375,0.47,"c(-122.130732307692, 37.4203098717949)",1308.9275967973276,-122.125982,37.4314785,0.8135037891841688
-122.12794816239317,37.42030987179486,93.8491087918519,0.5,"c(-122.127948162393, 37.4203098717949)",1251.71444864519,-122.125982,37.4314785,0.7779455864792977
-122.12516401709402,37.42030987179486,95.06647487310693,0.82,"c(-122.125164017094, 37.4203098717949)",1241.6700448709482,-122.125982,37.4314785,0.7717029489564625
-122.12237987179488,37.42030987179486,94.23001620199648,0.47,"c(-122.122379871795, 37.4203098717949)",1279.9053761264004,-122.125982,37.4314785,0.7954663617939095
-122.11959572649573,37.42030987179486,94.37315419793595,0.47,"c(-122.119595726496, 37.4203098717949)",1362.361506861341,-122.125982,37.4314785,0.8467131801499944
-122.11681158119659,37.42030987179486,93.97569725420544,0.67,"c(-122.116811581197, 37.4203098717949)",1481.6739893658864,-122.125982,37.4314785,0.9208663700223035
-122.11402743589744,37.42030987179486,93.19341306071146,0.2,"c(-122.114027435897, 37.4203098717949)",1629.7682588954417,-122.125982,37.4314785,1.0129075568026362
-122.1112432905983,37.42030987179486,93.7993251614389,0.67,"c(-122.111243290598, 37.4203098717949)",1796.9704473566403,-122.124761,37.43239,1.1168243923907024
-122.10845914529915,37.42030987179486,92.33719118214867,0.47,"c(-122.108459145299, 37.4203098717949)",1823.0601657263267,-122.1040984,37.4363636,1.1330392577540873
-122.15300547008547,37.422634102564096,93.47661430516746,0.47,"c(-122.153005470085, 37.4226341025641)",2583.6326477545194,-122.1260148,37.4314986,1.605738127877265
-122.15022132478633,37.422634102564096,93.78749656521904,0.47,"c(-122.150221324786, 37.4226341025641)",2357.6382955178483,-122.1260148,37.4314986,1.4652817249955552
-122.14743717948718,37.422634102564096,94.07059906090944,0.91,"c(-122.147437179487, 37.4226341025641)",2136.1678417012536,-122.1260148,37.4314986,1.3276369432574602
-122.14465303418804,37.422634102564096,94.34975681192736,0.83,"c(-122.144653034188, 37.4226341025641)",1920.7867673682294,-122.1260148,37.4314986,1.1937767354681352
-122.1418688888889,37.422634102564096,93.62544521997916,0.83,"c(-122.141868888889, 37.4226341025641)",1713.7924630995485,-122.1260148,37.4314986,1.0651289391544738
-122.13908474358975,37.422634102564096,93.53891851037042,0.47,"c(-122.13908474359, 37.4226341025641)",1518.6182704113273,-122.1260148,37.4314986,0.9438273899386745
-122.1363005982906,37.422634102564096,93.24096698556968,0.96,"c(-122.136300598291, 37.4226341025641)",1340.4373689934055,-122.1260148,37.4314986,0.8330872398964608
-122.13351645299146,37.422634102564096,93.60413215229346,0.82,"c(-122.133516452991, 37.4226341025641)",1186.7083100368934,-122.125982,37.4314785,0.737544008723986
-122.13073230769231,37.422634102564096,94.61246503726579,0.82,"c(-122.130732307692, 37.4226341025641)",1067.8598554458051,-122.125982,37.4314785,0.6636792140744594
-122.12794816239317,37.422634102564096,94.22210219909175,0.47,"c(-122.127948162393, 37.4226341025641)",996.9086249194057,-122.125982,37.4314785,0.6195827376752056
-122.12516401709402,37.422634102564096,93.83850750204874,0.47,"c(-122.125164017094, 37.4226341025641)",984.2677582500864,-122.125982,37.4314785,0.6117263879739505
-122.12237987179488,37.422634102564096,93.52660775777622,0.47,"c(-122.122379871795, 37.4226341025641)",1032.0820274457453,-122.125982,37.4314785,0.6414431494380021
-122.11959572649573,37.422634102564096,93.4133506494345,0.47,"c(-122.119595726496, 37.4226341025641)",1132.7213605680454,-122.125982,37.4314785,0.7039909015339002
-122.11681158119659,37.422634102564096,93.41770368309517,0.67,"c(-122.116811581197, 37.4226341025641)",1273.7252952164588,-122.125982,37.4314785,0.7916254165422366
-122.11402743589744,37.422634102564096,92.36439144109318,0.2,"c(-122.114027435897, 37.4226341025641)",1440.4686069536122,-122.124761,37.43239,0.8952570583925495
-122.1112432905983,37.422634102564096,93.5316434748529,0.47,"c(-122.111243290598, 37.4226341025641)",1602.4118488506401,-122.1231248,37.4335278,0.9959054374460162
-122.10845914529915,37.422634102564096,92.02932794374647,0.47,"c(-122.108459145299, 37.4226341025641)",1571.8991469273035,-122.1040984,37.4363636,0.9769416699361737
-122.15022132478633,37.42495833333333,93.6915386653327,0.82,"c(-122.150221324786, 37.4249583333333)",2262.142062350066,-122.1260148,37.4314986,1.405930430298363
-122.14743717948718,37.42495833333333,93.9746411610231,0.82,"c(-122.147437179487, 37.4249583333333)",2030.2886962229259,-122.1260148,37.4314986,1.2618326266146214
-122.14465303418804,37.42495833333333,94.91857745480957,0.83,"c(-122.144653034188, 37.4249583333333)",1802.3062885693132,-122.1260148,37.4314986,1.1201406392599833
-122.1418688888889,37.42495833333333,93.96250325587334,0.82,"c(-122.141868888889, 37.4249583333333)",1579.8715183277825,-122.1260148,37.4314986,0.9818965309681681
-122.13908474358975,37.42495833333333,93.8199962668441,0.83,"c(-122.13908474359, 37.4249583333333)",1365.697755906754,-122.1260148,37.4314986,0.8487866724094183
-122.1363005982906,37.42495833333333,93.4727740187609,0.83,"c(-122.136300598291, 37.4249583333333)",1164.3526083510972,-122.1260148,37.4314986,0.7236498498142306
-122.13351645299146,37.42495833333333,93.2512970433454,0.82,"c(-122.133516452991, 37.4249583333333)",983.7448465497619,-122.1260148,37.4314986,0.6114013962397525
-122.13073230769231,37.42495833333333,93.76708714577035,0.67,"c(-122.130732307692, 37.4249583333333)",836.9231670285459,-122.125982,37.4314785,0.5201511292905816
-122.12794816239317,37.42495833333333,92.96622120930215,0.47,"c(-122.127948162393, 37.4249583333333)",744.2761930312467,-122.125982,37.4314785,0.4625706606782143
-122.12516401709402,37.42495833333333,92.27426615195873,0.47,"c(-122.125164017094, 37.4249583333333)",727.2578903947488,-122.125982,37.4314785,0.4519937168394958
-122.12237987179488,37.42495833333333,92.68838225275977,0.47,"c(-122.122379871795, 37.4249583333333)",790.7663058194235,-122.125982,37.4314785,0.49146445358572
-122.11959572649573,37.42495833333333,91.7658134867088,0.47,"c(-122.119595726496, 37.4249583333333)",918.2423347132994,-122.125982,37.4314785,0.570691320517899
-122.11681158119659,37.42495833333333,92.94628939543327,0.47,"c(-122.116811581197, 37.4249583333333)",1084.0911307719998,-122.12517374458012,37.4320818821271,0.6737670172604101
-122.11402743589744,37.42495833333333,91.97626377193956,0.83,"c(-122.114027435897, 37.4249583333333)",1246.1585022277086,-122.1231248,37.4335278,0.7744925433360526
-122.1112432905983,37.42495833333333,91.83560676145134,0.47,"c(-122.111243290598, 37.4249583333333)",1411.661644447773,-122.12187285607325,37.43442224871757,0.8773534148214872
-122.10845914529915,37.42495833333333,92.08033601219586,0.47,"c(-122.108459145299, 37.4249583333333)",1323.3547814422354,-122.1040984,37.4363636,0.822470342723577
-122.14743717948718,37.427282564102555,93.56283462832926,0.47,"c(-122.147437179487, 37.4272825641026)",1952.9500722381108,-122.1260148,37.4314986,1.2137663593773218
-122.14465303418804,37.427282564102555,93.43081078821524,0.96,"c(-122.144653034188, 37.4272825641026)",1714.7235239102206,-122.1260148,37.4314986,1.065707597209584
-122.1418688888889,37.427282564102555,93.29878694810122,0.83,"c(-122.141868888889, 37.4272825641026)",1479.1842605333645,-122.1260148,37.4314986,0.9193189934949437
-122.13908474358975,37.427282564102555,93.16942594645025,0.91,"c(-122.13908474359, 37.4272825641026)",1247.8549293886413,-122.1260148,37.4314986,0.7755468796697584
-122.1363005982906,37.427282564102555,92.97399987862445,0.47,"c(-122.136300598291, 37.4272825641026)",1023.593820108406,-122.1260148,37.4314986,0.6361676942873872
-122.13351645299146,37.427282564102555,93.200814878036,0.47,"c(-122.133516452991, 37.4272825641026)",812.2765713386453,-122.1260148,37.4314986,0.5048331705025764
-122.13073230769231,37.427282564102555,93.2630731480458,0.47,"c(-122.130732307692, 37.4272825641026)",627.1273271736208,-122.1260148,37.4314986,0.3897621672924927
-122.12794816239317,37.427282564102555,92.66109647020494,0.47,"c(-122.127948162393, 37.4272825641026)",497.1417841336267,-122.125982,37.4314785,0.30897562718062566
-122.12516401709402,37.427282564102555,92.19130076483998,0.47,"c(-122.125164017094, 37.4272825641026)",471.28305223479174,-122.125982,37.4314785,0.2929043208420085
-122.12237987179488,37.427282564102555,93.0906624755662,0.83,"c(-122.122379871795, 37.4272825641026)",564.3687148730944,-122.125982,37.4314785,0.3507574362169636
-122.11959572649573,37.427282564102555,92.44100043761136,0.47,"c(-122.119595726496, 37.4272825641026)",726.9970361565493,-122.12520386554621,37.43205939637486,0.4518315948766621
-122.11681158119659,37.427282564102555,91.9490155513322,0.83,"c(-122.116811581197, 37.4272825641026)",890.3103106469569,-122.1231248,37.4335278,0.5533314547215393
-122.11402743589744,37.427282564102555,91.54966595969927,0.47,"c(-122.114027435897, 37.4272825641026)",1054.6998027695104,-122.12196936802906,37.43435329718657,0.6555001881724738
-122.1112432905983,37.427282564102555,90.93504614300036,0.47,"c(-122.111243290598, 37.4272825641026)",1189.8224362743354,-122.1040984,37.4363636,0.7394794507609294
-122.10845914529915,37.427282564102555,92.01666295347968,0.47,"c(-122.108459145299, 37.4272825641026)",1079.2364771352163,-122.1040984,37.4363636,0.6707498304134346
-122.18919935897436,37.42960679487179,93.62975121409909,0.82,"c(-122.189199358974, 37.4296067948718)",5404.745465219141,-122.1366045,37.4543619,3.35907114059611
-122.15022132478633,37.42960679487179,92.53955365222646,0.47,"c(-122.150221324786, 37.4296067948718)",2152.717254426725,-122.1260148,37.4314986,1.3379224701222654
-122.14743717948718,37.42960679487179,92.94223719085312,0.47,"c(-122.147437179487, 37.4296067948718)",1907.6264281091533,-122.1260148,37.4314986,1.1855975314537932
-122.14465303418804,37.42960679487179,92.9596676563433,0.47,"c(-122.144653034188, 37.4296067948718)",1662.9276532577333,-122.1260148,37.4314986,1.0335162543553345
-122.1418688888889,37.42960679487179,92.9770981218353,0.2,"c(-122.141868888889, 37.4296067948718)",1418.8237912148024,-122.1260148,37.4314986,0.8818047179706665
-122.13908474358975,37.42960679487179,92.81754687411376,0.8,"c(-122.13908474359, 37.4296067948718)",1175.6854602820297,-122.1260148,37.4314986,0.7306932630714914
-122.1363005982906,37.42960679487179,93.21262375861625,0.47,"c(-122.136300598291, 37.4296067948718)",934.266789265554,-122.1260148,37.4314986,0.5806505837573362
-122.13351645299146,37.42960679487179,93.12805184554963,0.47,"c(-122.133516452991, 37.4296067948718)",696.3586338812831,-122.1260148,37.4314986,0.43278970409029405
-122.13073230769231,37.42960679487179,92.85264221468242,0.47,"c(-122.130732307692, 37.4296067948718)",467.35323067601183,-122.1260148,37.4314986,0.290461920867627
-122.12794816239317,37.42960679487179,93.29778399392671,0.47,"c(-122.127948162393, 37.4296067948718)",270.860701257114,-122.1260148,37.4314986,0.16834102004792664
-122.12516401709402,37.42960679487179,92.607636024768,0.47,"c(-122.125164017094, 37.4296067948718)",219.98683106830245,-122.125982,37.4314785,0.13672270420652732
-122.12237987179488,37.42960679487179,93.4499931943667,0.47,"c(-122.122379871795, 37.4296067948718)",369.90812491869264,-122.12523395887678,37.43203693123177,0.22989939398302836
-122.11959572649573,37.42960679487179,93.07285902735589,0.47,"c(-122.119595726496, 37.4296067948718)",535.6649499837889,-122.1231248,37.4335278,0.33291793038147227
-122.11681158119659,37.42960679487179,92.33814055510447,0.47,"c(-122.116811581197, 37.4296067948718)",697.7427872826449,-122.12206582981167,37.43428438129509,0.43364996102091047
-122.11402743589744,37.42960679487179,91.47261251002783,0.47,"c(-122.114027435897, 37.4296067948718)",861.5565459768178,-122.1203787,37.4354897,0.5354608738202721
-122.1112432905983,37.42960679487179,90.80539289722219,0.47,"c(-122.111243290598, 37.4296067948718)",980.717768710279,-122.1041444,37.4363918,0.6095200551337967
-122.10845914529915,37.42960679487179,90.83456911262329,0.91,"c(-122.108459145299, 37.4296067948718)",843.3964509756516,-122.1040984,37.4363636,0.5241743014143266
-122.18641521367522,37.43193102564102,94.06899421714752,0.82,"c(-122.186415213675, 37.431931025641)",5062.312091323815,-122.1366045,37.4543619,3.146247415365951
-122.15300547008547,37.43193102564102,92.88546588501777,0.47,"c(-122.153005470085, 37.431931025641)",2389.315723351839,-122.1260148,37.4314986,1.4849693743641013
-122.15022132478633,37.43193102564102,92.021757068238,0.47,"c(-122.150221324786, 37.431931025641)",2142.9578581329724,-122.1260148,37.4314986,1.3318569658999206
-122.14743717948718,37.43193102564102,92.27171084256406,0.2,"c(-122.147437179487, 37.431931025641)",1896.614394407523,-122.1260148,37.4314986,1.1787535080220777
-122.14465303418804,37.43193102564102,92.28914130805606,0.47,"c(-122.144653034188, 37.431931025641)",1650.2917816994207,-122.1260148,37.4314986,1.0256630091357493
-122.1418688888889,37.43193102564102,92.36567057375214,0.47,"c(-122.141868888889, 37.431931025641)",1404.0009948387733,-122.1260148,37.4314986,0.8725922901421835
-122.13908474358975,37.43193102564102,92.10923537123017,0.47,"c(-122.13908474359, 37.431931025641)",1157.7623452249716,-122.1260148,37.4314986,0.7195539746581551
-122.1363005982906,37.43193102564102,93.00374928463134,0.47,"c(-122.136300598291, 37.431931025641)",911.6180827699458,-122.1260148,37.4314986,0.5665743211746089
-122.13351645299146,37.43193102564102,93.15850617203978,0.47,"c(-122.133516452991, 37.431931025641)",665.6729199755695,-122.1260148,37.4314986,0.4137184089344745
-122.13073230769231,37.43193102564102,93.92875829490367,0.47,"c(-122.130732307692, 37.431931025641)",420.27654113335456,-122.1260148,37.4314986,0.26120356813757273
-122.12794816239317,37.43193102564102,93.97379694451229,0.82,"c(-122.127948162393, 37.431931025641)",177.71700250432946,-122.1260148,37.4314986,0.11045183499336822
-122.12516401709402,37.43193102564102,93.07809515524423,0.83,"c(-122.125164017094, 37.431931025641)",12.824375069118002,-122.12526375150242,37.432014690548755,0.007970400913062774
-122.12237987179488,37.43193102564102,92.2266712434648,0.47,"c(-122.122379871795, 37.431931025641)",178.78788364048515,-122.12372737960638,37.433128770314916,0.11111739194560917
-122.11959572649573,37.43193102564102,91.940722109850185,0.47,"c(-122.119595726496, 37.431931025641)",340.7905768760369,-122.12216246666901,37.43421534011728,0.21180272024613853
-122.11681158119659,37.43193102564102,91.20176969846943,0.47,"c(-122.116811581197, 37.431931025641)",505.39402188908963,-122.12061803434253,37.43531871867425,0.31410442628284
-122.11402743589744,37.43193102564102,91.41326250294514,0.47,"c(-122.114027435897, 37.431931025641)",670.6114000948434,-122.11892278919632,37.43653338019574,0.41678769427895795
-122.1112432905983,37.43193102564102,91.44536903063272,0.47,"c(-122.111243290598, 37.431931025641)",799.8963052562884,-122.1041444,37.4363918,0.49713878511888654
-122.10845914529915,37.43193102564102,90.47580684328386,0.83,"c(-122.108459145299, 37.431931025641)",625.2439149386943,-122.1041444,37.4363918,0.38859161897992184
-122.18363106837607,37.43425525641025,94.25457245027792,0.82,"c(-122.183631068376, 37.4342552564103)",4722.007292526098,-122.1366045,37.4543619,2.934746608157923
-122.18084692307693,37.43425525641025,92.92784603710606,0.83,"c(-122.180846923077, 37.4342552564103)",4506.3878705953,-122.1366045,37.4543619,2.8007382663737106
-122.17806277777778,37.43425525641025,93.10818937712429,0.83,"c(-122.178062777778, 37.4342552564103)",4294.0783327701465,-122.1366045,37.4543619,2.668787030932347
-122.17527863247864,37.43425525641025,93.36492851043658,0.83,"c(-122.175278632479, 37.4342552564103)",4085.594710132972,-122.1366045,37.4543619,2.5392136172361544
-122.15578961538462,37.43425525641025,93.13842436947743,0.67,"c(-122.155789615385, 37.4342552564103)",2652.907276609793,-122.1260148,37.4314986,1.6487925895648186
-122.15300547008547,37.43425525641025,93.8381522850832,0.67,"c(-122.153005470085, 37.4342552564103)",2408.3095793693788,-122.1260148,37.4314986,1.4967741326099309
-122.15022132478633,37.43425525641025,91.84891192960276,0.47,"c(-122.150221324786, 37.4342552564103)",2164.1229885396847,-122.1260148,37.4314986,1.3450111799500837
-122.14743717948718,37.43425525641025,91.53289590746863,0.47,"c(-122.147437179487, 37.4342552564103)",1920.5043237634532,-122.1260148,37.4314986,1.1936011956267578
-122.14465303418804,37.43425525641025,91.61861495976882,0.47,"c(-122.144653034188, 37.4342552564103)",1677.701008866392,-122.1260148,37.4314986,1.042697954547167
-122.1418688888889,37.43425525641025,91.92890675190938,0.47,"c(-122.141868888889, 37.4342552564103)",1436.1266528274152,-122.1260148,37.4314986,0.8925585163625949
-122.13908474358975,37.43425525641025,91.10002452484696,0.47,"c(-122.13908474359, 37.4342552564103)",1196.525854999268,-122.1260148,37.4314986,0.7436456525787868
-122.1363005982906,37.43425525641025,91.08232770310133,0.47,"c(-122.136300598291, 37.4342552564103)",960.3768801166478,-122.1260148,37.4314986,0.5968781107002162
-122.13351645299146,37.43425525641025,92.21425077699314,0.47,"c(-122.133516452991, 37.4342552564103)",731.0325943120745,-122.1260148,37.4314986,0.45433971057307304
-122.13073230769231,37.43425525641025,92.56928495132888,0.47,"c(-122.130732307692, 37.4342552564103)",517.6184195663924,-122.1260148,37.4314986,0.3217019388231152
-122.12794816239317,37.43425525641025,93.6883937620878,0.82,"c(-122.127948162393, 37.4342552564103)",340.46078490879165,-122.12531614225003,37.432022323211186,0.21159775320620985
-122.12516401709402,37.43425525641025,92.8516788003617,0.47,"c(-122.125164017094, 37.4342552564103)",173.98746024322816,-122.123851781972,37.43309029688337,0.10813390941157748
-122.12237987179488,37.43425525641025,91.6692258335388,0.47,"c(-122.122379871795, 37.4342552564103)",11.354911735347349,-122.1222932739106,37.434179913784696,0.007057123514821223
-122.11959572649573,37.43425525641025,91.32939246745082,0.47,"c(-122.119595726496, 37.4342552564103)",148.44694969093277,-122.12071443671104,37.43524984811309,0.09226037892537774
-122.11681158119659,37.43425525641025,91.61681713534927,0.47,"c(-122.116811581197, 37.4342552564103)",314.0623130234816,-122.11910427095832,37.436410606570604,0.19519099628556966
-122.11402743589744,37.43425525641025,91.61997655982123,0.47,"c(-122.114027435897, 37.4342552564103)",470.0001389410185,-122.1172288,37.4376341,0.2921069850472458
-122.1112432905983,37.43425525641025,90.86445101218851,0.47,"c(-122.111243290598, 37.4342552564103)",632.4962471072449,-122.1157128,37.4387022,0.3930989727204754
-122.10845914529915,37.43425525641025,89.92682828817487,0.83,"c(-122.108459145299, 37.4342552564103)",447.60094068165944,-122.10437482527149,37.436632206010444,0.2781857928413048
-122.18084692307693,37.43657948717948,92.92573934322718,0.82,"c(-122.180846923077, 37.4365794871795)",4384.325481657048,-122.1366045,37.4543619,2.7248759985438458
-122.17806277777778,37.43657948717948,92.81760674242105,0.83,"c(-122.178062777778, 37.4365794871795)",4165.806620753555,-122.1366045,37.4543619,2.5890656437250184
-122.17527863247864,37.43657948717948,93.53133857157809,0.83,"c(-122.175278632479, 37.4365794871795)",3950.566318795034,-122.1366045,37.4543619,2.455292926535136
-122.17249448717949,37.43657948717948,93.96714574490125,0.83,"c(-122.172494487179, 37.4365794871795)",3739.1707962749347,-122.1366045,37.4543619,2.3239097552982813
-122.15857376068377,37.43657948717948,93.35182319890009,0.67,"c(-122.158573760684, 37.4365794871795)",2765.543700442951,-122.1362444,37.4540135,1.718796582003077
-122.15578961538462,37.43657948717948,92.61749510111804,0.67,"c(-122.155789615385, 37.4365794871795)",2595.2491289634913,-122.1362444,37.4540135,1.612957817876626
-122.15300547008547,37.43657948717948,93.54403875283606,0.47,"c(-122.153005470085, 37.4365794871795)",2437.9908246640653,-122.1362444,37.4540135,1.5152211464661687
-122.15022132478633,37.43657948717948,92.03327677730704,0.47,"c(-122.150221324786, 37.4365794871795)",2215.3265037615824,-122.1260148,37.4314986,1.3768343715112383
-122.14743717948718,37.43657948717948,90.934630222065607,0.47,"c(-122.147437179487, 37.4365794871795)",1978.032061457885,-122.1260148,37.4314986,1.229354917003036
-122.14465303418804,37.43657948717948,91.10841556061496,0.47,"c(-122.144653034188, 37.4365794871795)",1743.2675263897256,-122.1260148,37.4314986,1.0834478100619798
-122.1418688888889,37.43657948717948,91.61049395211376,0.02,"c(-122.141868888889, 37.4365794871795)",1512.2116307764838,-122.1260148,37.4314986,0.9398456375242286
-122.13908474358975,37.43657948717948,90.86352284176974,0.47,"c(-122.13908474359, 37.4365794871795)",1286.8635824676462,-122.1260148,37.4314986,0.7997909151445906
-122.1363005982906,37.43657948717948,92.52595501212636,0.47,"c(-122.136300598291, 37.4365794871795)",1070.8329748342803,-122.1260148,37.4314986,0.6655270197851338
-122.13351645299146,37.43657948717948,93.62483580099729,0.47,"c(-122.133516452991, 37.4365794871795)",871.0798798226697,-122.1260148,37.4314986,0.541379664277607
-122.13073230769231,37.43657948717948,91.2564982107724,0.47,"c(-122.130732307692, 37.4365794871795)",697.5377052817582,-122.12533978148535,37.43200460311116,0.43352250172887397
-122.12794816239317,37.43657948717948,91.87899985976401,0.47,"c(-122.127948162393, 37.4365794871795)",530.9423697302359,-122.12394394437787,37.433024283048354,0.3299828276757215
-122.12516401709402,37.43657948717948,91.60876764969726,0.47,"c(-122.125164017094, 37.4365794871795)",368.313772115998,-122.12238336290818,37.43411532969088,0.22890849727532506
-122.12237987179488,37.43657948717948,91.07256685684843,0.47,"c(-122.122379871795, 37.4365794871795)",203.39874531795783,-122.12084515208174,37.4352180361847,0.12641314190053315
-122.11959572649573,37.43657948717948,91.07951624134148,0.47,"c(-122.119595726496, 37.4365794871795)",35.97657786333576,-122.11933256340812,37.43633294350142,0.022359588479388293
-122.11681158119659,37.43657948717948,91.25012625160707,0.47,"c(-122.116811581197, 37.4365794871795)",117.11405579579433,-122.11766671590769,37.437383103468754,0.07278685879166832
-122.11402743589744,37.43657948717948,91.67191195835403,0.47,"c(-122.114027435897, 37.4365794871795)",276.0448293855342,-122.11606769768466,37.43845695328084,0.17156297662245754
-122.1112432905983,37.43657948717948,90.37708242767258,0.82,"c(-122.111243290598, 37.4365794871795)",429.816637256203,-122.1139799,37.4397789,0.2671327764177769
-122.18084692307693,37.43890371794871,92.19750260594446,0.82,"c(-122.180846923077, 37.4389037179487)",4274.362072681734,-122.1366045,37.4543619,2.6565332956381194
-122.17806277777778,37.43890371794871,92.94720060330292,0.82,"c(-122.178062777778, 37.4389037179487)",4049.9214544877336,-122.1366045,37.4543619,2.5170425447406672
-122.17527863247864,37.43890371794871,92.78149893353293,0.96,"c(-122.175278632479, 37.4389037179487)",3828.178059774803,-122.1366045,37.4543619,2.3792281291328794
-122.17249448717949,37.43890371794871,94.44825002754806,0.96,"c(-122.172494487179, 37.4389037179487)",3609.629003007962,-122.1366045,37.4543619,2.243399007462997
-122.16135790598291,37.43890371794871,93.8400249115657,0.91,"c(-122.161357905983, 37.4389037179487)",2782.3060249013693,-122.1366045,37.4543619,1.7292144343700244
-122.15857376068377,37.43890371794871,93.03089867695235,0.96,"c(-122.158573760684, 37.4389037179487)",2591.6009701177227,-122.1362444,37.4540135,1.6106904724162354
-122.15578961538462,37.43890371794871,92.19042151032409,0.47,"c(-122.155789615385, 37.4389037179487)",2409.0475101398647,-122.1362444,37.4540135,1.4972327595648631
-122.15300547008547,37.43890371794871,93.56156884483062,0.47,"c(-122.153005470085, 37.4389037179487)",2238.7531366203743,-122.1362444,37.4540135,1.3913941184713328
-122.15022132478633,37.43890371794871,92.90549742238363,0.47,"c(-122.150221324786, 37.4389037179487)",2083.725675525614,-122.1362444,37.4540135,1.2950439251246824
-122.14743717948718,37.43890371794871,90.40636907999578,0.47,"c(-122.147437179487, 37.4389037179487)",1947.6142223406423,-122.1362444,37.4540135,1.2104501071104055
-122.14465303418804,37.43890371794871,90.7692546225826,0.47,"c(-122.144653034188, 37.4389037179487)",1833.7635372274615,-122.1361164,37.4539592,1.1396914463812688
-122.1418688888889,37.43890371794871,91.57920670587919,0.47,"c(-122.141868888889, 37.4389037179487)",1626.0970791369978,-122.1260148,37.4314986,1.0106259037520184
-122.13908474358975,37.43890371794871,91.98983447096907,0.47,"c(-122.13908474359, 37.4389037179487)",1418.9591537474148,-122.1260148,37.4314986,0.8818888463315194
-122.1363005982906,37.43890371794871,92.47412128021824,0.47,"c(-122.136300598291, 37.4389037179487)",1226.4282329624937,-122.1260148,37.4314986,0.7622301012818481
-122.13351645299146,37.43890371794871,91.9629537013243,0.67,"c(-122.133516452991, 37.4389037179487)",1054.6094036060508,-122.12536314133145,37.43198709242993,0.6554440047271913
-122.13073230769231,37.43890371794871,93.45308412529994,0.47,"c(-122.130732307692, 37.4389037179487)",887.8924696225222,-122.12403578193282,37.43295850170913,0.5518287567573165
-122.12794816239317,37.43890371794871,91.8211572435539,0.47,"c(-122.127948162393, 37.4389037179487)",725.2677944063661,-122.12247422326351,37.43405019243411,0.45075686414317345
-122.12516401709402,37.43890371794871,91.40248440694995,0.47,"c(-122.125164017094, 37.4389037179487)",560.352507053702,-122.12093586258848,37.43515300945424,0.3482613468326302
-122.12237987179488,37.43890371794871,91.02871014586617,0.67,"c(-122.122379871795, 37.4389037179487)",392.46660846498446,-122.11952242320811,37.436205155471136,0.24391958263827498
-122.11959572649573,37.43890371794871,90.46288602321874,0.47,"c(-122.119595726496, 37.4389037179487)",233.34255540636127,-122.11789732004766,37.4372989318924,0.14502334083676896
-122.11681158119659,37.43890371794871,91.31723847465764,0.82,"c(-122.116811581197, 37.4389037179487)",70.28859986316168,-122.11628887747959,37.43842786293032,0.04368464876517196
-122.11402743589744,37.43890371794871,91.79816369937544,0.7,"c(-122.114027435897, 37.4389037179487)",75.17805386855723,-122.1145378635852,37.439443934515516,0.0467234641818255
-122.1112432905983,37.43890371794871,90.02937755694438,0.91,"c(-122.111243290598, 37.4389037179487)",200.16083251010025,-122.1120163,37.4405986,0.12440076601000637
-122.17527863247864,37.441227948717945,92.97447582654786,0.82,"c(-122.175278632479, 37.4412279487179)",3719.6778553056643,-122.1366045,37.4543619,2.31179481373876
-122.17249448717949,37.441227948717945,92.76566394097063,0.96,"c(-122.172494487179, 37.4412279487179)",3494.3565800540496,-122.1366045,37.4543619,2.171756730922343
-122.16971034188035,37.441227948717945,93.03496481938055,0.83,"c(-122.16971034188, 37.4412279487179)",3272.0696093981696,-122.1366045,37.4543619,2.033604480670087
-122.16414205128206,37.441227948717945,93.76689274630917,0.83,"c(-122.164142051282, 37.4412279487179)",2839.4407813630096,-122.1366045,37.4543619,1.7647239163225665
-122.16135790598291,37.441227948717945,92.7864639589825,0.5,"c(-122.161357905983, 37.4412279487179)",2631.0638067332616,-122.1366045,37.4543619,1.6352167847938233
-122.15857376068377,37.441227948717945,92.58739631158824,0.83,"c(-122.158573760684, 37.4412279487179)",2429.8058817167143,-122.1366045,37.4543619,1.5101341713590517
-122.15578961538462,37.441227948717945,92.53608129586064,0.82,"c(-122.155789615385, 37.4412279487179)",2237.137648899405,-122.1362444,37.4540135,1.3903900863265415
-122.15300547008547,37.441227948717945,92.81098805280635,0.82,"c(-122.153005470085, 37.4412279487179)",2052.6361203239767,-122.1362444,37.4540135,1.2757216409720178
-122.15022132478633,37.441227948717945,90.93474722776591,0.47,"c(-122.150221324786, 37.4412279487179)",1882.34769730418,-122.1362444,37.4540135,1.1698866981380858
-122.14743717948718,37.441227948717945,90.73240696573339,0.47,"c(-122.147437179487, 37.4412279487179)",1730.4734305867937,-122.1362444,37.4540135,1.0754962278351732
-122.14465303418804,37.441227948717945,91.86086129484465,0.47,"c(-122.144653034188, 37.4412279487179)",1602.2321045520666,-122.1361164,37.4539592,0.995793725638326
-122.1418688888889,37.441227948717945,92.39399976239656,0.47,"c(-122.141868888889, 37.4412279487179)",1501.881301200521,-122.1361164,37.4539592,0.9334252959605476
-122.13908474358975,37.441227948717945,91.5903715374152,0.47,"c(-122.13908474359, 37.4412279487179)",1437.1968853027365,-122.1361164,37.4539592,0.8932236701695069
-122.1363005982906,37.441227948717945,92.38365056205657,0.47,"c(-122.136300598291, 37.4412279487179)",1357.5986890438144,-122.1287803,37.4518898,0.8437530696356833
-122.13351645299146,37.441227948717945,92.15199001357541,0.47,"c(-122.133516452991, 37.4412279487179)",1244.8377134744783,-122.12412604203399,37.43289385008495,0.7736716677902289
-122.13073230769231,37.441227948717945,91.1321322224685,0.47,"c(-122.130732307692, 37.4412279487179)",1082.2169748525923,-122.12256471260457,37.43398532097294,0.6726022217853277
-122.12794816239317,37.441227948717945,92.03292445474654,0.47,"c(-122.127948162393, 37.4412279487179)",917.3013993899337,-122.12102633715405,37.43508815167845,0.570106525413259
-122.12516401709402,37.441227948717945,90.93060745792172,0.47,"c(-122.125164017094, 37.4412279487179)",748.1339519098797,-122.1198198,37.436005,0.46496827340576735
-122.12237987179488,37.441227948717945,90.76248942574603,0.47,"c(-122.122379871795, 37.4412279487179)",589.6554116695514,-122.1175249,37.4375892,0.366473220428559
-122.11959572649573,37.441227948717945,91.22344037566108,0.47,"c(-122.119595726496, 37.4412279487179)",426.5920597898122,-122.1164422,37.4383209,0.2651286884958435
-122.11681158119659,37.441227948717945,92.26776174540282,0.2,"c(-122.116811581197, 37.4412279487179)",269.05686425370754,-122.1151179,37.4392147,0.16721992806321165
-122.11402743589744,37.441227948717945,91.77313560539915,0,"c(-122.114027435897, 37.4412279487179)",118.27019920970194,-122.1133175,37.4403251,0.07350540659397262
-122.1112432905983,37.441227948717945,89.83437317010248,0,"c(-122.111243290598, 37.4412279487179)",46.226317694201946,-122.11106456328508,37.44083768844253,0.02872984319092725
-122.17249448717949,37.44355217948718,92.97292297870808,0.96,"c(-122.172494487179, 37.4435521794872)",3394.8074332351016,-122.1366045,37.4543619,2.1098865340180866
-122.16971034188035,37.44355217948718,92.63672931319888,0.96,"c(-122.16971034188, 37.4435521794872)",3165.545080258096,-122.1366045,37.4543619,1.967399055474267
-122.1669261965812,37.44355217948718,92.90745828421677,0.2,"c(-122.166926196581, 37.4435521794872)",2939.0503750070206,-122.1366045,37.4543619,1.826631681172791
-122.16414205128206,37.44355217948718,93.49950620240998,0.83,"c(-122.164142051282, 37.4435521794872)",2716.0158072106638,-122.1366045,37.4543619,1.6880147962776033
-122.16135790598291,37.44355217948718,92.53788023626112,0.96,"c(-122.161357905983, 37.4435521794872)",2497.36860130937,-122.1366045,37.4543619,1.552124674524158
-122.15857376068377,37.44355217948718,91.91120942625275,0.82,"c(-122.158573760684, 37.4435521794872)",2284.3689074204717,-122.1366045,37.4543619,1.4197445043011012
-122.15578961538462,37.44355217948718,92.18377467822938,0.82,"c(-122.155789615385, 37.4435521794872)",2078.753470006444,-122.1366045,37.4543619,1.2919536793079203
-122.15300547008547,37.44355217948718,91.2535468417118,0.47,"c(-122.153005470085, 37.4435521794872)",1882.9429049250214,-122.1366045,37.4543619,1.1702566220789443
-122.15022132478633,37.44355217948718,91.11661244926017,0.47,"c(-122.150221324786, 37.4435521794872)",1696.359709649654,-122.1362444,37.4540135,1.054294412460941
-122.14743717948718,37.44355217948718,90.99864403821994,0.47,"c(-122.147437179487, 37.4435521794872)",1526.0926176852324,-122.1362444,37.4540135,0.9484727269640972
-122.14465303418804,37.44355217948718,91.90265219428693,0.2,"c(-122.144653034188, 37.4435521794872)",1379.0086895688453,-122.1362444,37.4540135,0.8570594714536018
-122.1418688888889,37.44355217948718,91.45373134751571,0.2,"c(-122.141868888889, 37.4435521794872)",1262.2200028166192,-122.1361164,37.4539592,0.7844748308369293
-122.13908474358975,37.44355217948718,90.98325277089316,0.83,"c(-122.13908474359, 37.4435521794872)",1184.5221232643294,-122.1361164,37.4539592,0.736185284813132
-122.1363005982906,37.44355217948718,92.29317984390218,0.47,"c(-122.136300598291, 37.4435521794872)",1139.7862988531542,-122.1287803,37.4518898,0.7083817892188653
-122.13351645299146,37.44355217948718,91.4745853818822,0.47,"c(-122.133516452991, 37.4435521794872)",1015.0037583405006,-122.1286737,37.4518425,0.6308289361967063
-122.13073230769231,37.44355217948718,91.56533324655356,0.47,"c(-122.130732307692, 37.4435521794872)",935.8957816003934,-122.1284468,37.4517855,0.5816630090742035
-122.12794816239317,37.44355217948718,90.42479436866131,0.47,"c(-122.127948162393, 37.4435521794872)",914.8483755145163,-122.1284468,37.4517855,0.5685819611650195
-122.12516401709402,37.44355217948718,91.79407715908019,0.8,"c(-122.125164017094, 37.4435521794872)",946.0449770508965,-122.1175249,37.4375892,0.58797077504717
-122.12237987179488,37.44355217948718,91.05348560518905,0.47,"c(-122.122379871795, 37.4435521794872)",782.5351776139719,-122.1171897,37.4378437,0.48634877415411554
-122.11959572649573,37.44355217948718,91.53110433681286,0.2,"c(-122.119595726496, 37.4435521794872)",623.3270426845555,-122.1154613,37.4390052,0.3874002751302396
-122.11681158119659,37.44355217948718,92.29528495117847,0.01,"c(-122.116811581197, 37.4435521794872)",473.16645643073076,-122.1133175,37.4403251,0.2940748641583162
-122.11402743589744,37.44355217948718,91.23640241401881,0,"c(-122.114027435897, 37.4435521794872)",352.8122470486139,-122.1126847,37.440559,0.2192742368232529
-122.1112432905983,37.44355217948718,89.56550778844394,0,"c(-122.111243290598, 37.4435521794872)",285.7371759151544,-122.1080419,37.4432165,0.1775868091455279
-122.10845914529915,37.44355217948718,87.61091893754929,0,"c(-122.108459145299, 37.4435521794872)",43.00075415468142,-122.10798065685111,37.44348224011256,0.026725142420560233
-122.17249448717949,37.4458764102564,91.79944727406837,0.2,"c(-122.172494487179, 37.4458764102564)",3312.3995074990335,-122.1366045,37.4543619,2.0586696752635385
-122.16971034188035,37.4458764102564,92.5469814983885,0.2,"c(-122.16971034188, 37.4458764102564)",3077.0107525883413,-122.1366045,37.4543619,1.9123746131686397
-122.1669261965812,37.4458764102564,92.56317846260026,0.83,"c(-122.166926196581, 37.4458764102564)",2843.4801557386186,-122.1366045,37.4543619,1.7672344038151762
-122.16414205128206,37.4458764102564,92.82573976855929,0.83,"c(-122.164142051282, 37.4458764102564)",2612.3061022967063,-122.1366045,37.4543619,1.6235587957095752
-122.16135790598291,37.4458764102564,92.43604655715171,0.96,"c(-122.161357905983, 37.4458764102564)",2384.1741758308694,-122.1366045,37.4543619,1.481773881809117
-122.15857376068377,37.4458764102564,91.56920528619958,0.82,"c(-122.158573760684, 37.4458764102564)",2160.048467714494,-122.1366045,37.4543619,1.3424788487970754
-122.15578961538462,37.4458764102564,91.36715517705306,0.82,"c(-122.155789615385, 37.4458764102564)",1941.3170322027847,-122.1366045,37.4543619,1.2065363780004876
-122.15300547008547,37.4458764102564,91.3412056605157,0.82,"c(-122.153005470085, 37.4458764102564)",1730.0271129127598,-122.1366045,37.4543619,1.0752188395977376
-122.15022132478633,37.4458764102564,91.95065805123158,0.67,"c(-122.150221324786, 37.4458764102564)",1529.2662813373242,-122.1366045,37.4543619,0.9504451717447634
-122.14743717948718,37.4458764102564,91.335371737905,0.47,"c(-122.147437179487, 37.4458764102564)",1340.3217777124341,-122.1362444,37.4540135,0.8330153994483742
-122.14465303418804,37.4458764102564,89.90547069950844,0.47,"c(-122.144653034188, 37.4458764102564)",1170.1204956568795,-122.1362444,37.4540135,0.7272346150757486
-122.1418688888889,37.4458764102564,91.18325208161241,0.47,"c(-122.141868888889, 37.4458764102564)",1031.1554689588197,-122.1362444,37.4540135,0.6408672895952888
-122.13908474358975,37.4458764102564,91.19836864011995,0.47,"c(-122.13908474359, 37.4458764102564)",934.7373119666433,-122.1361164,37.4539592,0.5809430155168697
-122.1363005982906,37.4458764102564,91.38372946571326,0.47,"c(-122.136300598291, 37.4458764102564)",895.3379442962455,-122.1359542,37.4539388,0.5564561493450874
-122.13351645299146,37.4458764102564,91.12449806855693,0.47,"c(-122.133516452991, 37.4458764102564)",788.0708332775739,-122.1287803,37.4518898,0.48978920651185454
-122.13073230769231,37.4458764102564,90.72995935620611,0.47,"c(-122.130732307692, 37.4458764102564)",686.2999016720478,-122.1284468,37.4517855,0.4265381613872267
-122.12794816239317,37.4458764102564,90.30662823880266,0.47,"c(-122.127948162393, 37.4458764102564)",657.3092089775122,-122.1284468,37.4517855,0.4085203287616608
-122.12516401709402,37.4458764102564,91.66863919544267,0.47,"c(-122.125164017094, 37.4458764102564)",711.301347932323,-122.1282305,37.4518007,0.4420766612382368
-122.12237987179488,37.4458764102564,90.78989413485397,0.82,"c(-122.122379871795, 37.4458764102564)",779.0032495953676,-122.12416639999999,37.4527493,0.48415366662235404
-122.11959572649573,37.4458764102564,90.7670932507026,0.95,"c(-122.119595726496, 37.4458764102564)",826.5411550621541,-122.1140721,37.439871,0.5136986669124637
-122.11681158119659,37.4458764102564,90.96044489115593,0,"c(-122.116811581197, 37.4458764102564)",689.2569304888752,-122.113009,37.4404565,0.4283759667426198
-122.11402743589744,37.4458764102564,90.8342431668425,0,"c(-122.114027435897, 37.4458764102564)",547.7756419963805,-122.10818826506602,37.4475265703016,0.340444774391784
-122.1112432905983,37.4458764102564,89.38804749475094,0,"c(-122.111243290598, 37.4458764102564)",315.78076674440115,-122.10787811836796,37.446829867360314,0.1962590222152897
-122.10845914529915,37.4458764102564,87.03194159989289,0.02,"c(-122.108459145299, 37.4458764102564)",83.78346870432867,-122.10756882128742,37.4461350592097,0.052071764266208
-122.1669261965812,37.448200641025636,92.21889864098375,0.82,"c(-122.166926196581, 37.4482006410256)",2768.722671967053,-122.1366045,37.4543619,1.7207723256476402
-122.16414205128206,37.448200641025636,92.51405362457444,0.47,"c(-122.164142051282, 37.4482006410256)",2530.736657478459,-122.1366045,37.4543619,1.572863056232728
-122.16135790598291,37.448200641025636,92.9036556003266,0.82,"c(-122.161357905983, 37.4482006410256)",2294.5166423832925,-122.1366045,37.4543619,1.426051362575073
-122.15857376068377,37.448200641025636,90.24921229950269,0.82,"c(-122.158573760684, 37.4482006410256)",2060.6700398828507,-122.1366045,37.4543619,1.2807147544330955
-122.15578961538462,37.448200641025636,90.967043662371,0.82,"c(-122.155789615385, 37.4482006410256)",1830.1068831283253,-122.1366045,37.4543619,1.1374188210865912
-122.15300547008547,37.448200641025636,91.77356533579223,0.47,"c(-122.153005470085, 37.4482006410256)",1604.2434959115242,-122.1366045,37.4543619,0.9970438134938
-122.15022132478633,37.448200641025636,91.63683512273201,0.47,"c(-122.150221324786, 37.4482006410256)",1385.3804479109704,-122.1366045,37.4543619,0.8610195450037106
-122.14743717948718,37.448200641025636,90.57498164848585,0.47,"c(-122.147437179487, 37.4482006410256)",1177.4279502669804,-122.1366045,37.4543619,0.7317762276364079
-122.14465303418804,37.448200641025636,90.52328167416272,0.47,"c(-122.144653034188, 37.4482006410256)",984.775378926085,-122.1362444,37.4540135,0.6120418762747576
-122.1418688888889,37.448200641025636,90.8429254825187,0.47,"c(-122.141868888889, 37.4482006410256)",814.7954574309839,-122.1362444,37.4540135,0.506398668384701
-122.13908474358975,37.448200641025636,90.13775374318357,0.47,"c(-122.13908474359, 37.4482006410256)",690.9837842952891,-122.1361164,37.4539592,0.429449213359409
-122.1363005982906,37.448200641025636,89.89427417388652,0.47,"c(-122.136300598291, 37.4482006410256)",637.5931134430504,-122.1359542,37.4539388,0.3962666957383781
-122.13351645299146,37.448200641025636,90.61616872440936,0.47,"c(-122.133516452991, 37.4482006410256)",583.6167208525642,-122.1289669,37.4520079,0.36272014969084165
-122.13073230769231,37.448200641025636,89.96426445562975,0.47,"c(-122.130732307692, 37.4482006410256)",443.3446208018939,-122.1286737,37.4518425,0.2755404728414505
-122.12794816239317,37.448200641025636,89.67976576008368,0.47,"c(-122.127948162393, 37.4482006410256)",400.30845265794363,-122.1284468,37.4517855,0.24879332048349512
-122.12516401709402,37.448200641025636,90.38854362186885,0.96,"c(-122.125164017094, 37.4482006410256)",482.327698540934,-122.1281428,37.4518402,0.2997686131391759
-122.12237987179488,37.448200641025636,90.36114033818012,0.95,"c(-122.122379871795, 37.4482006410256)",528.421442155704,-122.1240015,37.4527829,0.32841606100416654
-122.11959572649573,37.448200641025636,89.97193780184898,0.83,"c(-122.119595726496, 37.4482006410256)",618.1690646840353,-122.1223765,37.4533102,0.38419457096583925
-122.11681158119659,37.448200641025636,89.69582896973589,0,"c(-122.116811581197, 37.4482006410256)",657.3978708284045,-122.11670460159272,37.454105576993065,0.40857543246016437
-122.11402743589744,37.448200641025636,89.93259630454122,0,"c(-122.114027435897, 37.4482006410256)",461.5445043460476,-122.10910971476386,37.449596401897566,0.2868517739875995
-122.1112432905983,37.448200641025636,89.01350998443377,0,"c(-122.111243290598, 37.4482006410256)",229.5568366773225,-122.10880043512451,37.44890168764358,0.14267050135321474
-122.10845914529915,37.448200641025636,86.45296426223649,0.02,"c(-122.108459145299, 37.4482006410256)",2.4332538400336388,-122.10849110242346,37.448206840456976,0.0015122770913820005
-122.1669261965812,37.45052487179487,91.884844682586845,0.47,"c(-122.166926196581, 37.4505248717949)",2716.4967842379347,-122.1366045,37.4543619,1.6883137254430918
-122.16414205128206,37.45052487179487,92.2023674805896,0.47,"c(-122.164142051282, 37.4505248717949)",2473.4988568088347,-122.1366045,37.4543619,1.5372895318886481
-122.16135790598291,37.45052487179487,92.4353151139112,0.82,"c(-122.161357905983, 37.4505248717949)",2231.235185414449,-122.1366045,37.4543619,1.3867216814260093
-122.15857376068377,37.45052487179487,90.63406806049625,0.83,"c(-122.158573760684, 37.4505248717949)",1989.9739580621488,-122.1366045,37.4543619,1.2367768539851764
-122.15578961538462,37.45052487179487,91.46367256441226,0.83,"c(-122.155789615385, 37.4505248717949)",1750.1297948794393,-122.1366045,37.4543619,1.0877127376503661
-122.15300547008547,37.45052487179487,91.57117988896789,0.47,"c(-122.153005470085, 37.4505248717949)",1512.3770326511992,-122.1366045,37.4543619,0.9399484354575508
-122.15022132478633,37.45052487179487,91.53663124606055,0.47,"c(-122.150221324786, 37.4505248717949)",1277.8835331691484,-122.1366045,37.4543619,0.7942097782281843
-122.14743717948718,37.45052487179487,90.15468907429022,0.47,"c(-122.147437179487, 37.4505248717949)",1048.8376451352883,-122.1366045,37.4543619,0.6518568335209995
-122.14465303418804,37.45052487179487,90.42838682539332,0.47,"c(-122.144653034188, 37.4505248717949)",829.7629383644156,-122.1366045,37.4543619,0.515701018250103
-122.1418688888889,37.45052487179487,89.98606131749693,0.2,"c(-122.141868888889, 37.4505248717949)",630.5437301281315,-122.1362444,37.4540135,0.3918854755302247
-122.13908474358975,37.45052487179487,89.8701651919182,0.47,"c(-122.13908474359, 37.4505248717949)",461.60216662380185,-122.1362444,37.4540135,0.28688761132616647
-122.1363005982906,37.45052487179487,89.09814149879094,0.47,"c(-122.136300598291, 37.4505248717949)",380.1363517899536,-122.1359542,37.4539388,0.23625627830326515
-122.13351645299146,37.45052487179487,90.26811534039734,0.47,"c(-122.133516452991, 37.4505248717949)",356.97161469853813,-122.1315754,37.4533445,0.22185930062059547
-122.13073230769231,37.45052487179487,89.64912702649599,0.47,"c(-122.130732307692, 37.4505248717949)",226.92012729984387,-122.1289669,37.4520079,0.14103177582339582
-122.12794816239317,37.45052487179487,89.3817538121948,0.47,"c(-122.127948162393, 37.4505248717949)",143.78610145962134,-122.1282305,37.4518007,0.08936364292083364
-122.12516401709402,37.45052487179487,90.99375632899319,0.95,"c(-122.125164017094, 37.4505248717949)",253.09166056516983,-122.1245254,37.4527477,0.15729748947493463
-122.12237987179488,37.45052487179487,88.63821527545224,0.83,"c(-122.122379871795, 37.4505248717949)",285.091148257342,-122.123647,37.4528866,0.17718530034639032
-122.11959572649573,37.45052487179487,89.14784442471137,0.83,"c(-122.119595726496, 37.4505248717949)",395.09879711773294,-122.1223765,37.4533102,0.2455554985194114
-122.11681158119659,37.45052487179487,88.46601464902051,0.83,"c(-122.116811581197, 37.4505248717949)",398.7001848825362,-122.11675842285847,37.45410627476568,0.2477937755640374
-122.11402743589744,37.45052487179487,88.59461227682186,0.83,"c(-122.114027435897, 37.4505248717949)",375.3133660723911,-122.11003214521992,37.45166831439175,0.23325877319601684
-122.1112432905983,37.45052487179487,88.38529030185964,0.75,"c(-122.111243290598, 37.4505248717949)",143.3329062579819,-122.10972298325369,37.45097390542497,0.08908198027220753
-122.10845914529915,37.45052487179487,85.87398692457646,0.02,"c(-122.108459145299, 37.4505248717949)",88.64997638093469,-122.1094131351388,37.45027794152424,0.055096318446820815
-122.16135790598291,37.4528491025641,91.85475948061503,0.47,"c(-122.161357905983, 37.4528491025641)",2196.6106048804904,-122.1366045,37.4543619,1.3652023647485956
-122.15857376068377,37.4528491025641,90.00394821717055,0.47,"c(-122.158573760684, 37.4528491025641)",1951.0806138580783,-122.1366045,37.4543619,1.212604483441938
-122.15578961538462,37.4528491025641,91.38184572363753,0.47,"c(-122.155789615385, 37.4528491025641)",1705.7846472152455,-122.1366045,37.4543619,1.060152049232595
-122.15300547008547,37.4528491025641,91.10583585622953,0.47,"c(-122.153005470085, 37.4528491025641)",1460.8405980680318,-122.1366045,37.4543619,0.9079183331684474
-122.15022132478633,37.4528491025641,91.06723599418183,0.47,"c(-122.150221324786, 37.4528491025641)",1216.4610693792638,-122.1366045,37.4543619,0.7560354688497599
-122.14743717948718,37.4528491025641,90.72372847110091,0.47,"c(-122.147437179487, 37.4528491025641)",973.0714795447369,-122.1366045,37.4543619,0.604767855528115
-122.14465303418804,37.4528491025641,89.67051093980263,0.47,"c(-122.144653034188, 37.4528491025641)",731.6604173995818,-122.1366045,37.4543619,0.4547299051582236
-122.1418688888889,37.4528491025641,89.30678473723674,0.47,"c(-122.141868888889, 37.4528491025641)",495.1304070001248,-122.1366045,37.4543619,0.30772554816664066
-122.13908474358975,37.4528491025641,89.06578380276915,0.47,"c(-122.13908474359, 37.4528491025641)",276.314250800673,-122.1366045,37.4543619,0.17173042312036854
-122.1363005982906,37.4528491025641,89.53345446384265,0.47,"c(-122.136300598291, 37.4528491025641)",124.27874189967751,-122.1361164,37.4539592,0.07723974014896054
-122.13351645299146,37.4528491025641,90.06706781118919,0.47,"c(-122.133516452991, 37.4528491025641)",140.53735234443926,-122.1330394,37.4540569,0.08734453222152844
-122.13073230769231,37.4528491025641,90.52126114274142,0.47,"c(-122.130732307692, 37.4528491025641)",39.30131614132444,-122.1307562,37.4532027,0.024425926750357017
-122.12516401709402,37.4528491025641,90.31053551865625,0.67,"c(-122.125164017094, 37.4528491025641)",11.893192913098499,-122.1251004,37.4529435,0.0073916674413290855
-122.12237987179488,37.4528491025641,89.672949191503,0.02,"c(-122.122379871795, 37.4528491025641)",47.04196441884743,-122.1225532,37.4532498,0.02923677092532469
-122.11959572649573,37.4528491025641,88.32056540350095,0.02,"c(-122.119595726496, 37.4528491025641)",144.01666455761034,-122.11958959705113,37.454142945307105,0.08950693881765714
-122.11681158119659,37.4528491025641,87.60724293156704,0.02,"c(-122.116811581197, 37.4528491025641)",140.00249923274586,-122.11680970964863,37.45410693965694,0.08701211885192409
-122.11402743589744,37.4528491025641,87.25662824908795,0.83,"c(-122.114027435897, 37.4528491025641)",135.98106413937543,-122.1140297966615,37.45407086825152,0.08451278069569636
-122.1112432905983,37.4528491025641,88.39652580983238,0.75,"c(-122.111243290598, 37.4528491025641)",57.10897563500832,-122.11064539289147,37.453045689906254,0.03549345906464159
-122.15578961538462,37.45517333333333,91.16052493455936,0.47,"c(-122.155789615385, 37.4551733333333)",1699.8624215897437,-122.1366045,37.4543619,1.0564713620818793
-122.15300547008547,37.45517333333333,90.80080721521517,0.47,"c(-122.153005470085, 37.4551733333333)",1453.9292430513633,-122.1366045,37.4543619,0.90362289810526
-122.15022132478633,37.45517333333333,90.43741689839226,0.47,"c(-122.150221324786, 37.4551733333333)",1208.1609039254838,-122.1366045,37.4543619,0.7508768824894244
-122.14743717948718,37.45517333333333,90.20998140949814,0.47,"c(-122.147437179487, 37.4551733333333)",962.6836608292808,-122.1366045,37.4543619,0.5983117842319955
-122.14465303418804,37.45517333333333,89.42115514296893,0.47,"c(-122.144653034188, 37.4551733333333)",717.7962297369503,-122.1366045,37.4543619,0.44611325651768197
-122.1418688888889,37.45517333333333,88.82450502360007,0.47,"c(-122.141868888889, 37.4551733333333)",474.4128580957902,-122.1366045,37.4543619,0.2948495078283345
-122.11959572649573,37.45517333333333,88.55279053377672,0.02,"c(-122.119595726496, 37.4551733333333)",114.68114562085248,-122.11963748339518,37.45414356496728,0.0712747952895292
-122.11681158119659,37.45517333333333,88.2731627490657,0.02,"c(-122.116811581197, 37.4551733333333)",118.69518648652297,-122.1168575952265,37.45410756043417,0.0737695379033704
-122.11402743589744,37.45517333333333,87.99639926232521,0.6,"c(-122.114027435897, 37.4551733333333)",122.71649660798532,-122.11407770225287,37.454071490415636,0.0762687983890524
-122.1112432905983,37.45517333333333,87.1535605859317,0.6,"c(-122.111243290598, 37.4551733333333)",29.11495508041599,-122.11156768032407,37.45511707772378,0.01809506220038284
-122.14465303418804,37.45749756410256,89.76834040335962,0.1,"c(-122.144653034188, 37.4574975641026)",792.6033525044289,-122.1366045,37.4543619,0.4926061855217085
-122.1418688888889,37.45749756410256,90.13343132036971,0.1,"c(-122.141868888889, 37.4574975641026)",580.306987561315,-122.1365694,37.4544169,0.36066313707974834
-122.12237987179488,37.45749756410256,88.12351784136445,0.02,"c(-122.122379871795, 37.4574975641026)",28.966490883877494,-122.12270737722795,37.45748649696001,0.018002791102472028
-122.11959572649573,37.45749756410256,87.28835170185084,0.02,"c(-122.119595726496, 37.4574975641026)",275.1184684546209,-122.1227033,37.4574094,0.17098723956160403
-122.11681158119659,37.45749756410256,86.44172752143095,0.02,"c(-122.116811581197, 37.4574975641026)",348.5763590987464,-122.11310938672199,37.45857936088927,0.2166416153503707
-122.11402743589744,37.45749756410256,85.59510334101833,0.6,"c(-122.114027435897, 37.4574975641026)",116.61994828002334,-122.11279992287449,37.45788441063603,0.07247976897453284
-122.12237987179488,37.45982179487179,88.20440534703084,0.02,"c(-122.122379871795, 37.4598217948718)",84.92708265417541,-122.12332428363231,37.45968018567352,0.05278252495598223
-122.11959572649573,37.45982179487179,87.17994641815312,0.02,"c(-122.119595726496, 37.4598217948718)",325.2009442494566,-122.1231787,37.4591678,0.20211370059009112
-122.11681158119659,37.45982179487179,86.15548748928995,0.02,"c(-122.116811581197, 37.4598217948718)",262.33801004164934,-122.11403207350983,37.460651319077954,0.16304413302774975
-122.11402743589744,37.45982179487179,85.13102856041223,0.6,"c(-122.114027435897, 37.4598217948718)",30.388808520480648,-122.11372237925431,37.45995589244,0.01888676725946591
-122.11959572649573,37.462146025641026,86.46566478395835,0.02,"c(-122.119595726496, 37.462146025641)",138.58501773599528,-122.12053944655547,37.463140385877864,0.0861311483753855
-122.11681158119659,37.462146025641026,85.4412058550879,0.6,"c(-122.116811581197, 37.462146025641)",176.09966060679352,-122.11495471171223,37.46272304591031,0.10944665047035022
